﻿"Data Source","World Development Indicators",

"Last Updated Date","2021-02-17",

"Country Name","Country Code","Indicator Name","Indicator Code","2010","2011","2012","2013","2014","2015","2016","2017","2018","2019","2020",
"Aruba","ABW","CPIA policy and institutions for environmental sustainability rating (1=low to 6=high)","IQ.CPA.ENVR.XQ","","","","","","","","","","","",
"Afghanistan","AFG","CPIA policy and institutions for environmental sustainability rating (1=low to 6=high)","IQ.CPA.ENVR.XQ","2.5","2.5","2.5","2.5","2.5","2.5","2.5","2.5","2.5","2.5","",
"Angola","AGO","CPIA policy and institutions for environmental sustainability rating (1=low to 6=high)","IQ.CPA.ENVR.XQ","3","2.5","2.5","2.5","","","","","","","",
"Albania","ALB","CPIA policy and institutions for environmental sustainability rating (1=low to 6=high)","IQ.CPA.ENVR.XQ","","","","","","","","","","","",
"Andorra","AND","CPIA policy and institutions for environmental sustainability rating (1=low to 6=high)","IQ.CPA.ENVR.XQ","","","","","","","","","","","",
"Arab World","ARB","CPIA policy and institutions for environmental sustainability rating (1=low to 6=high)","IQ.CPA.ENVR.XQ","2.8","2.7","2.6","2.7","2.7","2.7","2.7","2.58333333333333","2.7","2.5","",
"United Arab Emirates","ARE","CPIA policy and institutions for environmental sustainability rating (1=low to 6=high)","IQ.CPA.ENVR.XQ","","","","","","","","","","","",
"Argentina","ARG","CPIA policy and institutions for environmental sustainability rating (1=low to 6=high)","IQ.CPA.ENVR.XQ","","","","","","","","","","","",
"Armenia","ARM","CPIA policy and institutions for environmental sustainability rating (1=low to 6=high)","IQ.CPA.ENVR.XQ","3","3","3","3","","","","","","","",
"American Samoa","ASM","CPIA policy and institutions for environmental sustainability rating (1=low to 6=high)","IQ.CPA.ENVR.XQ","","","","","","","","","","","",
"Antigua and Barbuda","ATG","CPIA policy and institutions for environmental sustainability rating (1=low to 6=high)","IQ.CPA.ENVR.XQ","","","","","","","","","","","",
"Australia","AUS","CPIA policy and institutions for environmental sustainability rating (1=low to 6=high)","IQ.CPA.ENVR.XQ","","","","","","","","","","","",
"Austria","AUT","CPIA policy and institutions for environmental sustainability rating (1=low to 6=high)","IQ.CPA.ENVR.XQ","","","","","","","","","","","",
"Azerbaijan","AZE","CPIA policy and institutions for environmental sustainability rating (1=low to 6=high)","IQ.CPA.ENVR.XQ","3","","","","","","","","","","",
"Burundi","BDI","CPIA policy and institutions for environmental sustainability rating (1=low to 6=high)","IQ.CPA.ENVR.XQ","3","3","3","3","3","3","3","3","3","3","",
"Belgium","BEL","CPIA policy and institutions for environmental sustainability rating (1=low to 6=high)","IQ.CPA.ENVR.XQ","","","","","","","","","","","",
"Benin","BEN","CPIA policy and institutions for environmental sustainability rating (1=low to 6=high)","IQ.CPA.ENVR.XQ","3.5","3.5","3.5","3.5","3.5","3.5","3.5","3.5","3.5","3.5","",
"Burkina Faso","BFA","CPIA policy and institutions for environmental sustainability rating (1=low to 6=high)","IQ.CPA.ENVR.XQ","3.5","4","4","4","4","4","4","4","4","4","",
"Bangladesh","BGD","CPIA policy and institutions for environmental sustainability rating (1=low to 6=high)","IQ.CPA.ENVR.XQ","3","2.5","2.5","3","3","3","3","3","3","3","",
"Bulgaria","BGR","CPIA policy and institutions for environmental sustainability rating (1=low to 6=high)","IQ.CPA.ENVR.XQ","","","","","","","","","","","",
"Bahrain","BHR","CPIA policy and institutions for environmental sustainability rating (1=low to 6=high)","IQ.CPA.ENVR.XQ","","","","","","","","","","","",
"Bahamas, The","BHS","CPIA policy and institutions for environmental sustainability rating (1=low to 6=high)","IQ.CPA.ENVR.XQ","","","","","","","","","","","",
"Bosnia and Herzegovina","BIH","CPIA policy and institutions for environmental sustainability rating (1=low to 6=high)","IQ.CPA.ENVR.XQ","3.5","3.5","3.5","3.5","","","","","","","",
"Belarus","BLR","CPIA policy and institutions for environmental sustainability rating (1=low to 6=high)","IQ.CPA.ENVR.XQ","","","","","","","","","","","",
"Belize","BLZ","CPIA policy and institutions for environmental sustainability rating (1=low to 6=high)","IQ.CPA.ENVR.XQ","","","","","","","","","","","",
"Bermuda","BMU","CPIA policy and institutions for environmental sustainability rating (1=low to 6=high)","IQ.CPA.ENVR.XQ","","","","","","","","","","","",
"Bolivia","BOL","CPIA policy and institutions for environmental sustainability rating (1=low to 6=high)","IQ.CPA.ENVR.XQ","3.5","3.5","3.5","3.5","3.5","3.5","","","","","",
"Brazil","BRA","CPIA policy and institutions for environmental sustainability rating (1=low to 6=high)","IQ.CPA.ENVR.XQ","","","","","","","","","","","",
"Barbados","BRB","CPIA policy and institutions for environmental sustainability rating (1=low to 6=high)","IQ.CPA.ENVR.XQ","","","","","","","","","","","",
"Brunei Darussalam","BRN","CPIA policy and institutions for environmental sustainability rating (1=low to 6=high)","IQ.CPA.ENVR.XQ","","","","","","","","","","","",
"Bhutan","BTN","CPIA policy and institutions for environmental sustainability rating (1=low to 6=high)","IQ.CPA.ENVR.XQ","4.5","4","4","4","4","4","4","4","4","4","",
"Botswana","BWA","CPIA policy and institutions for environmental sustainability rating (1=low to 6=high)","IQ.CPA.ENVR.XQ","","","","","","","","","","","",
"Central African Republic","CAF","CPIA policy and institutions for environmental sustainability rating (1=low to 6=high)","IQ.CPA.ENVR.XQ","3","3","3","2","2","2.5","2.5","2.5","2.5","2.5","",
"Canada","CAN","CPIA policy and institutions for environmental sustainability rating (1=low to 6=high)","IQ.CPA.ENVR.XQ","","","","","","","","","","","",
"Central Europe and the Baltics","CEB","CPIA policy and institutions for environmental sustainability rating (1=low to 6=high)","IQ.CPA.ENVR.XQ","","","","","","","","","","","",
"Switzerland","CHE","CPIA policy and institutions for environmental sustainability rating (1=low to 6=high)","IQ.CPA.ENVR.XQ","","","","","","","","","","","",
"Channel Islands","CHI","CPIA policy and institutions for environmental sustainability rating (1=low to 6=high)","IQ.CPA.ENVR.XQ","","","","","","","","","","","",
"Chile","CHL","CPIA policy and institutions for environmental sustainability rating (1=low to 6=high)","IQ.CPA.ENVR.XQ","","","","","","","","","","","",
"China","CHN","CPIA policy and institutions for environmental sustainability rating (1=low to 6=high)","IQ.CPA.ENVR.XQ","","","","","","","","","","","",
"Cote d'Ivoire","CIV","CPIA policy and institutions for environmental sustainability rating (1=low to 6=high)","IQ.CPA.ENVR.XQ","2.5","2.5","3","3","3","3","3","3.5","3.5","4","",
"Cameroon","CMR","CPIA policy and institutions for environmental sustainability rating (1=low to 6=high)","IQ.CPA.ENVR.XQ","3","3","3","3","3","3","3","3","3.5","3.5","",
"Congo, Dem. Rep.","COD","CPIA policy and institutions for environmental sustainability rating (1=low to 6=high)","IQ.CPA.ENVR.XQ","2.5","2.5","2.5","2.5","2.5","3","3","3","3","3","",
"Congo, Rep.","COG","CPIA policy and institutions for environmental sustainability rating (1=low to 6=high)","IQ.CPA.ENVR.XQ","2.5","3","3","3","3","3","2.5","2.5","2.5","2.5","",
"Colombia","COL","CPIA policy and institutions for environmental sustainability rating (1=low to 6=high)","IQ.CPA.ENVR.XQ","","","","","","","","","","","",
"Comoros","COM","CPIA policy and institutions for environmental sustainability rating (1=low to 6=high)","IQ.CPA.ENVR.XQ","2","2.5","3","3","3","3","3","3","3","3","",
"Cabo Verde","CPV","CPIA policy and institutions for environmental sustainability rating (1=low to 6=high)","IQ.CPA.ENVR.XQ","3.5","3.5","3","3","3","3","3","3.5","3.5","3.5","",
"Costa Rica","CRI","CPIA policy and institutions for environmental sustainability rating (1=low to 6=high)","IQ.CPA.ENVR.XQ","","","","","","","","","","","",
"Caribbean small states","CSS","CPIA policy and institutions for environmental sustainability rating (1=low to 6=high)","IQ.CPA.ENVR.XQ","3.5","3.4","3.4","3.4","3.4","3.4","3.4","3.4","3.5","3.5","",
"Cuba","CUB","CPIA policy and institutions for environmental sustainability rating (1=low to 6=high)","IQ.CPA.ENVR.XQ","","","","","","","","","","","",
"Curacao","CUW","CPIA policy and institutions for environmental sustainability rating (1=low to 6=high)","IQ.CPA.ENVR.XQ","","","","","","","","","","","",
"Cayman Islands","CYM","CPIA policy and institutions for environmental sustainability rating (1=low to 6=high)","IQ.CPA.ENVR.XQ","","","","","","","","","","","",
"Cyprus","CYP","CPIA policy and institutions for environmental sustainability rating (1=low to 6=high)","IQ.CPA.ENVR.XQ","","","","","","","","","","","",
"Czech Republic","CZE","CPIA policy and institutions for environmental sustainability rating (1=low to 6=high)","IQ.CPA.ENVR.XQ","","","","","","","","","","","",
"Germany","DEU","CPIA policy and institutions for environmental sustainability rating (1=low to 6=high)","IQ.CPA.ENVR.XQ","","","","","","","","","","","",
"Djibouti","DJI","CPIA policy and institutions for environmental sustainability rating (1=low to 6=high)","IQ.CPA.ENVR.XQ","3.5","2.5","2.5","2.5","2.5","2.5","2.5","2.5","2.5","2.5","",
"Dominica","DMA","CPIA policy and institutions for environmental sustainability rating (1=low to 6=high)","IQ.CPA.ENVR.XQ","3.5","3.5","3.5","3.5","3.5","3.5","3.5","3.5","3.5","3.5","",
"Denmark","DNK","CPIA policy and institutions for environmental sustainability rating (1=low to 6=high)","IQ.CPA.ENVR.XQ","","","","","","","","","","","",
"Dominican Republic","DOM","CPIA policy and institutions for environmental sustainability rating (1=low to 6=high)","IQ.CPA.ENVR.XQ","","","","","","","","","","","",
"Algeria","DZA","CPIA policy and institutions for environmental sustainability rating (1=low to 6=high)","IQ.CPA.ENVR.XQ","","","","","","","","","","","",
"East Asia & Pacific (excluding high income)","EAP","CPIA policy and institutions for environmental sustainability rating (1=low to 6=high)","IQ.CPA.ENVR.XQ","3","2.96153846153846","3.03571428571429","2.96666666666667","3","3","2.89285714285714","2.89285714285714","2.89285714285714","2.89285714285714","",
"Early-demographic dividend","EAR","CPIA policy and institutions for environmental sustainability rating (1=low to 6=high)","IQ.CPA.ENVR.XQ","3.24137931034483","3.23333333333333","3.25","3.2258064516129","3.23333333333333","3.25","3.22413793103448","3.18965517241379","3.18965517241379","3.24137931034483","",
"East Asia & Pacific","EAS","CPIA policy and institutions for environmental sustainability rating (1=low to 6=high)","IQ.CPA.ENVR.XQ","3","2.96153846153846","3.03571428571429","2.96666666666667","3","3","2.89285714285714","2.89285714285714","2.89285714285714","2.89285714285714","",
"Europe & Central Asia (excluding high income)","ECA","CPIA policy and institutions for environmental sustainability rating (1=low to 6=high)","IQ.CPA.ENVR.XQ","3.22222222222222","3.125","3.1875","3.1875","3.2","3.2","3.2","3.2","3.3","3.4","",
"Europe & Central Asia","ECS","CPIA policy and institutions for environmental sustainability rating (1=low to 6=high)","IQ.CPA.ENVR.XQ","3.22222222222222","3.125","3.1875","3.1875","3.2","3.2","3.2","3.2","3.3","3.4","",
"Ecuador","ECU","CPIA policy and institutions for environmental sustainability rating (1=low to 6=high)","IQ.CPA.ENVR.XQ","","","","","","","","","","","",
"Egypt, Arab Rep.","EGY","CPIA policy and institutions for environmental sustainability rating (1=low to 6=high)","IQ.CPA.ENVR.XQ","","","","","","","","","","","",
"Euro area","EMU","CPIA policy and institutions for environmental sustainability rating (1=low to 6=high)","IQ.CPA.ENVR.XQ","","","","","","","","","","","",
"Eritrea","ERI","CPIA policy and institutions for environmental sustainability rating (1=low to 6=high)","IQ.CPA.ENVR.XQ","2","2","2","2","2","2","2","2","2","2","",
"Spain","ESP","CPIA policy and institutions for environmental sustainability rating (1=low to 6=high)","IQ.CPA.ENVR.XQ","","","","","","","","","","","",
"Estonia","EST","CPIA policy and institutions for environmental sustainability rating (1=low to 6=high)","IQ.CPA.ENVR.XQ","","","","","","","","","","","",
"Ethiopia","ETH","CPIA policy and institutions for environmental sustainability rating (1=low to 6=high)","IQ.CPA.ENVR.XQ","3","3.5","3.5","3.5","3.5","4","3.5","3.5","3.5","3.5","",
"European Union","EUU","CPIA policy and institutions for environmental sustainability rating (1=low to 6=high)","IQ.CPA.ENVR.XQ","","","","","","","","","","","",
"Fragile and conflict affected situations","FCS","CPIA policy and institutions for environmental sustainability rating (1=low to 6=high)","IQ.CPA.ENVR.XQ","2.75925925925926","2.89655172413793","2.91935483870968","2.828125","2.84375","2.890625","2.828125","2.77272727272727","2.8125","2.83333333333333","",
"Finland","FIN","CPIA policy and institutions for environmental sustainability rating (1=low to 6=high)","IQ.CPA.ENVR.XQ","","","","","","","","","","","",
"Fiji","FJI","CPIA policy and institutions for environmental sustainability rating (1=low to 6=high)","IQ.CPA.ENVR.XQ","","","","","","","","","","","",
"France","FRA","CPIA policy and institutions for environmental sustainability rating (1=low to 6=high)","IQ.CPA.ENVR.XQ","","","","","","","","","","","",
"Faroe Islands","FRO","CPIA policy and institutions for environmental sustainability rating (1=low to 6=high)","IQ.CPA.ENVR.XQ","","","","","","","","","","","",
"Micronesia, Fed. Sts.","FSM","CPIA policy and institutions for environmental sustainability rating (1=low to 6=high)","IQ.CPA.ENVR.XQ","","3","3","3","3","3","2.5","2.5","2.5","2.5","",
"Gabon","GAB","CPIA policy and institutions for environmental sustainability rating (1=low to 6=high)","IQ.CPA.ENVR.XQ","","","","","","","","","","","",
"United Kingdom","GBR","CPIA policy and institutions for environmental sustainability rating (1=low to 6=high)","IQ.CPA.ENVR.XQ","","","","","","","","","","","",
"Georgia","GEO","CPIA policy and institutions for environmental sustainability rating (1=low to 6=high)","IQ.CPA.ENVR.XQ","3","3","3","3","","","","","","","",
"Ghana","GHA","CPIA policy and institutions for environmental sustainability rating (1=low to 6=high)","IQ.CPA.ENVR.XQ","3.5","3.5","4","4","4","4","4","4","4","4","",
"Gibraltar","GIB","CPIA policy and institutions for environmental sustainability rating (1=low to 6=high)","IQ.CPA.ENVR.XQ","","","","","","","","","","","",
"Guinea","GIN","CPIA policy and institutions for environmental sustainability rating (1=low to 6=high)","IQ.CPA.ENVR.XQ","2.5","2.5","3","3","3.5","3.5","3.5","3.5","3.5","4","",
"Gambia, The","GMB","CPIA policy and institutions for environmental sustainability rating (1=low to 6=high)","IQ.CPA.ENVR.XQ","3.5","3.5","3.5","3.5","3.5","3.5","3.5","3.5","3.5","3.5","",
"Guinea-Bissau","GNB","CPIA policy and institutions for environmental sustainability rating (1=low to 6=high)","IQ.CPA.ENVR.XQ","3","3","2.5","2.5","2.5","2.5","2.5","2.5","2.5","2.5","",
"Equatorial Guinea","GNQ","CPIA policy and institutions for environmental sustainability rating (1=low to 6=high)","IQ.CPA.ENVR.XQ","","","","","","","","","","","",
"Greece","GRC","CPIA policy and institutions for environmental sustainability rating (1=low to 6=high)","IQ.CPA.ENVR.XQ","","","","","","","","","","","",
"Grenada","GRD","CPIA policy and institutions for environmental sustainability rating (1=low to 6=high)","IQ.CPA.ENVR.XQ","4","4","4","4","4","4","4","4","4","4","",
"Greenland","GRL","CPIA policy and institutions for environmental sustainability rating (1=low to 6=high)","IQ.CPA.ENVR.XQ","","","","","","","","","","","",
"Guatemala","GTM","CPIA policy and institutions for environmental sustainability rating (1=low to 6=high)","IQ.CPA.ENVR.XQ","","","","","","","","","","","",
"Guam","GUM","CPIA policy and institutions for environmental sustainability rating (1=low to 6=high)","IQ.CPA.ENVR.XQ","","","","","","","","","","","",
"Guyana","GUY","CPIA policy and institutions for environmental sustainability rating (1=low to 6=high)","IQ.CPA.ENVR.XQ","3","2.5","2.5","2.5","2.5","2.5","2.5","2.5","3","3","",
"High income","HIC","CPIA policy and institutions for environmental sustainability rating (1=low to 6=high)","IQ.CPA.ENVR.XQ","","","","","","","","","","","",
"Hong Kong SAR, China","HKG","CPIA policy and institutions for environmental sustainability rating (1=low to 6=high)","IQ.CPA.ENVR.XQ","","","","","","","","","","","",
"Honduras","HND","CPIA policy and institutions for environmental sustainability rating (1=low to 6=high)","IQ.CPA.ENVR.XQ","3.5","3.5","3.5","3.5","3.5","3.5","3.5","3.5","3.5","3.5","",
"Heavily indebted poor countries (HIPC)","HPC","CPIA policy and institutions for environmental sustainability rating (1=low to 6=high)","IQ.CPA.ENVR.XQ","3","3.09210526315789","3.11842105263158","3.09210526315789","3.15789473684211","3.19736842105263","3.14864864864865","3.13157894736842","3.17567567567568","3.19736842105263","",
"Croatia","HRV","CPIA policy and institutions for environmental sustainability rating (1=low to 6=high)","IQ.CPA.ENVR.XQ","","","","","","","","","","","",
"Haiti","HTI","CPIA policy and institutions for environmental sustainability rating (1=low to 6=high)","IQ.CPA.ENVR.XQ","2.5","2.5","2.5","2.5","2.5","2.5","2.5","2.5","2.5","2.5","",
"Hungary","HUN","CPIA policy and institutions for environmental sustainability rating (1=low to 6=high)","IQ.CPA.ENVR.XQ","","","","","","","","","","","",
"IBRD only","IBD","CPIA policy and institutions for environmental sustainability rating (1=low to 6=high)","IQ.CPA.ENVR.XQ","3.27272727272727","3.2","3.3","3.3","3.5","3.5","3.75","3.75","3.75","3.66666666666667","",
"IDA & IBRD total","IBT","CPIA policy and institutions for environmental sustainability rating (1=low to 6=high)","IQ.CPA.ENVR.XQ","3.11038961038961","3.12179487179487","3.1375","3.11111111111111","3.15131578947368","3.17105263157895","3.13013698630137","3.11486486486486","3.14383561643836","3.18","",
"IDA total","IDA","CPIA policy and institutions for environmental sustainability rating (1=low to 6=high)","IQ.CPA.ENVR.XQ","3.08333333333333","3.11029411764706","3.11428571428571","3.08450704225352","3.12676056338028","3.14788732394366","3.11267605633803","3.09722222222222","3.12676056338028","3.15972222222222","",
"IDA blend","IDB","CPIA policy and institutions for environmental sustainability rating (1=low to 6=high)","IQ.CPA.ENVR.XQ","3.03571428571429","3.14285714285714","3.10714285714286","3.10714285714286","3.14285714285714","3.17857142857143","3.17857142857143","3.21428571428571","3.25","3.25","",
"Indonesia","IDN","CPIA policy and institutions for environmental sustainability rating (1=low to 6=high)","IQ.CPA.ENVR.XQ","","","","","","","","","","","",
"IDA only","IDX","CPIA policy and institutions for environmental sustainability rating (1=low to 6=high)","IQ.CPA.ENVR.XQ","3.09615384615385","3.10185185185185","3.11607142857143","3.07894736842105","3.12280701754386","3.14035087719298","3.09649122807018","3.06896551724138","3.09649122807018","3.13793103448276","",
"Isle of Man","IMN","CPIA policy and institutions for environmental sustainability rating (1=low to 6=high)","IQ.CPA.ENVR.XQ","","","","","","","","","","","",
"India","IND","CPIA policy and institutions for environmental sustainability rating (1=low to 6=high)","IQ.CPA.ENVR.XQ","3.5","3.5","4","4","","","","","","","",
"Not classified","INX","CPIA policy and institutions for environmental sustainability rating (1=low to 6=high)","IQ.CPA.ENVR.XQ","","","","","","","","","","","",
"Ireland","IRL","CPIA policy and institutions for environmental sustainability rating (1=low to 6=high)","IQ.CPA.ENVR.XQ","","","","","","","","","","","",
"Iran, Islamic Rep.","IRN","CPIA policy and institutions for environmental sustainability rating (1=low to 6=high)","IQ.CPA.ENVR.XQ","","","","","","","","","","","",
"Iraq","IRQ","CPIA policy and institutions for environmental sustainability rating (1=low to 6=high)","IQ.CPA.ENVR.XQ","","","","","","","","","","","",
"Iceland","ISL","CPIA policy and institutions for environmental sustainability rating (1=low to 6=high)","IQ.CPA.ENVR.XQ","","","","","","","","","","","",
"Israel","ISR","CPIA policy and institutions for environmental sustainability rating (1=low to 6=high)","IQ.CPA.ENVR.XQ","","","","","","","","","","","",
"Italy","ITA","CPIA policy and institutions for environmental sustainability rating (1=low to 6=high)","IQ.CPA.ENVR.XQ","","","","","","","","","","","",
"Jamaica","JAM","CPIA policy and institutions for environmental sustainability rating (1=low to 6=high)","IQ.CPA.ENVR.XQ","","","","","","","","","","","",
"Jordan","JOR","CPIA policy and institutions for environmental sustainability rating (1=low to 6=high)","IQ.CPA.ENVR.XQ","","","","","","","","","","","",
"Japan","JPN","CPIA policy and institutions for environmental sustainability rating (1=low to 6=high)","IQ.CPA.ENVR.XQ","","","","","","","","","","","",
"Kazakhstan","KAZ","CPIA policy and institutions for environmental sustainability rating (1=low to 6=high)","IQ.CPA.ENVR.XQ","","","","","","","","","","","",
"Kenya","KEN","CPIA policy and institutions for environmental sustainability rating (1=low to 6=high)","IQ.CPA.ENVR.XQ","3.5","3.5","3.5","3.5","3.5","3.5","3.5","3.5","3.5","3.5","",
"Kyrgyz Republic","KGZ","CPIA policy and institutions for environmental sustainability rating (1=low to 6=high)","IQ.CPA.ENVR.XQ","3","2.5","2.5","2.5","2.5","2.5","2.5","2.5","3","3","",
"Cambodia","KHM","CPIA policy and institutions for environmental sustainability rating (1=low to 6=high)","IQ.CPA.ENVR.XQ","3","3","3","3","3","3","3","3","3","3","",
"Kiribati","KIR","CPIA policy and institutions for environmental sustainability rating (1=low to 6=high)","IQ.CPA.ENVR.XQ","3","3","3","3","3","3","3","3","3","3","",
"St. Kitts and Nevis","KNA","CPIA policy and institutions for environmental sustainability rating (1=low to 6=high)","IQ.CPA.ENVR.XQ","","","","","","","","","","","",
"Korea, Rep.","KOR","CPIA policy and institutions for environmental sustainability rating (1=low to 6=high)","IQ.CPA.ENVR.XQ","","","","","","","","","","","",
"Kuwait","KWT","CPIA policy and institutions for environmental sustainability rating (1=low to 6=high)","IQ.CPA.ENVR.XQ","","","","","","","","","","","",
"Latin America & Caribbean (excluding high income)","LAC","CPIA policy and institutions for environmental sustainability rating (1=low to 6=high)","IQ.CPA.ENVR.XQ","3.38888888888889","3.33333333333333","3.33333333333333","3.33333333333333","3.33333333333333","3.33333333333333","3.3125","3.25","3.3125","3.3125","",
"Lao PDR","LAO","CPIA policy and institutions for environmental sustainability rating (1=low to 6=high)","IQ.CPA.ENVR.XQ","4","4","4","3.5","3.5","3.5","3.5","3.5","3.5","3.5","",
"Lebanon","LBN","CPIA policy and institutions for environmental sustainability rating (1=low to 6=high)","IQ.CPA.ENVR.XQ","","","","","","","","","","","",
"Liberia","LBR","CPIA policy and institutions for environmental sustainability rating (1=low to 6=high)","IQ.CPA.ENVR.XQ","2.5","3","3","3","3","3","3","3","3","3","",
"Libya","LBY","CPIA policy and institutions for environmental sustainability rating (1=low to 6=high)","IQ.CPA.ENVR.XQ","","","","","","","","","","","",
"St. Lucia","LCA","CPIA policy and institutions for environmental sustainability rating (1=low to 6=high)","IQ.CPA.ENVR.XQ","3.5","3.5","3.5","3.5","3.5","3.5","3.5","3.5","3.5","3.5","",
"Latin America & Caribbean","LCN","CPIA policy and institutions for environmental sustainability rating (1=low to 6=high)","IQ.CPA.ENVR.XQ","3.38888888888889","3.33333333333333","3.33333333333333","3.33333333333333","3.33333333333333","3.33333333333333","3.3125","3.25","3.3125","3.3125","",
"Least developed countries: UN classification","LDC","CPIA policy and institutions for environmental sustainability rating (1=low to 6=high)","IQ.CPA.ENVR.XQ","3.03488372093023","3.05813953488372","3.04444444444444","3","3.07777777777778","3.11111111111111","3.06666666666667","3.04347826086957","3.05555555555556","3.06521739130435","",
"Low income","LIC","CPIA policy and institutions for environmental sustainability rating (1=low to 6=high)","IQ.CPA.ENVR.XQ","2.94","3.06","3","2.92307692307692","3.01923076923077","3.09615384615385","3.01923076923077","2.94444444444444","2.98076923076923","3.01851851851852","",
"Liechtenstein","LIE","CPIA policy and institutions for environmental sustainability rating (1=low to 6=high)","IQ.CPA.ENVR.XQ","","","","","","","","","","","",
"Sri Lanka","LKA","CPIA policy and institutions for environmental sustainability rating (1=low to 6=high)","IQ.CPA.ENVR.XQ","3","2.5","2.5","2.5","2.5","2.5","","","","3.5","",
"Lower middle income","LMC","CPIA policy and institutions for environmental sustainability rating (1=low to 6=high)","IQ.CPA.ENVR.XQ","3.12820512820513","3.1","3.1625","3.15853658536585","3.19230769230769","3.19230769230769","3.16666666666667","3.20833333333333","3.22222222222222","3.22972972972973","",
"Low & middle income","LMY","CPIA policy and institutions for environmental sustainability rating (1=low to 6=high)","IQ.CPA.ENVR.XQ","3.11038961038961","3.12179487179487","3.1375","3.11111111111111","3.15131578947368","3.17105263157895","3.13013698630137","3.11486486486486","3.14383561643836","3.18","",
"Lesotho","LSO","CPIA policy and institutions for environmental sustainability rating (1=low to 6=high)","IQ.CPA.ENVR.XQ","3","3.5","3.5","3.5","3.5","3.5","3.5","3.5","3.5","3.5","",
"Late-demographic dividend","LTE","CPIA policy and institutions for environmental sustainability rating (1=low to 6=high)","IQ.CPA.ENVR.XQ","3.22727272727273","3.1","3.15","3.15","3.25","3.25","3.25","3.25","3.41666666666667","3.42857142857143","",
"Lithuania","LTU","CPIA policy and institutions for environmental sustainability rating (1=low to 6=high)","IQ.CPA.ENVR.XQ","","","","","","","","","","","",
"Luxembourg","LUX","CPIA policy and institutions for environmental sustainability rating (1=low to 6=high)","IQ.CPA.ENVR.XQ","","","","","","","","","","","",
"Latvia","LVA","CPIA policy and institutions for environmental sustainability rating (1=low to 6=high)","IQ.CPA.ENVR.XQ","","","","","","","","","","","",
"Macao SAR, China","MAC","CPIA policy and institutions for environmental sustainability rating (1=low to 6=high)","IQ.CPA.ENVR.XQ","","","","","","","","","","","",
"St. Martin (French part)","MAF","CPIA policy and institutions for environmental sustainability rating (1=low to 6=high)","IQ.CPA.ENVR.XQ","","","","","","","","","","","",
"Morocco","MAR","CPIA policy and institutions for environmental sustainability rating (1=low to 6=high)","IQ.CPA.ENVR.XQ","","","","","","","","","","","",
"Monaco","MCO","CPIA policy and institutions for environmental sustainability rating (1=low to 6=high)","IQ.CPA.ENVR.XQ","","","","","","","","","","","",
"Moldova","MDA","CPIA policy and institutions for environmental sustainability rating (1=low to 6=high)","IQ.CPA.ENVR.XQ","4","4","4","4","4","4","4","4","4","4","",
"Madagascar","MDG","CPIA policy and institutions for environmental sustainability rating (1=low to 6=high)","IQ.CPA.ENVR.XQ","3.5","3.5","3","3","3","3","3","3","3","3","",
"Maldives","MDV","CPIA policy and institutions for environmental sustainability rating (1=low to 6=high)","IQ.CPA.ENVR.XQ","4","4","4","4","4","3.5","3.5","3","3","4","",
"Middle East & North Africa","MEA","CPIA policy and institutions for environmental sustainability rating (1=low to 6=high)","IQ.CPA.ENVR.XQ","3.5","3","2.75","2.75","2.75","2.75","2.75","2.5","2.5","2.5","",
"Mexico","MEX","CPIA policy and institutions for environmental sustainability rating (1=low to 6=high)","IQ.CPA.ENVR.XQ","","","","","","","","","","","",
"Marshall Islands","MHL","CPIA policy and institutions for environmental sustainability rating (1=low to 6=high)","IQ.CPA.ENVR.XQ","","3","3","3","3","3","3","3","3","3","",
"Middle income","MIC","CPIA policy and institutions for environmental sustainability rating (1=low to 6=high)","IQ.CPA.ENVR.XQ","3.19230769230769","3.15094339622642","3.2037037037037","3.2","3.22","3.21","3.19148936170213","3.21276595744681","3.23404255319149","3.27083333333333","",
"North Macedonia","MKD","CPIA policy and institutions for environmental sustainability rating (1=low to 6=high)","IQ.CPA.ENVR.XQ","","","","","","","","","","","",
"Mali","MLI","CPIA policy and institutions for environmental sustainability rating (1=low to 6=high)","IQ.CPA.ENVR.XQ","3","3.5","3.5","3.5","4","4","3.5","3.5","3.5","3.5","",
"Malta","MLT","CPIA policy and institutions for environmental sustainability rating (1=low to 6=high)","IQ.CPA.ENVR.XQ","","","","","","","","","","","",
"Myanmar","MMR","CPIA policy and institutions for environmental sustainability rating (1=low to 6=high)","IQ.CPA.ENVR.XQ","","","","2.5","2.5","2.5","2.5","2.5","2.5","2.5","",
"Middle East & North Africa (excluding high income)","MNA","CPIA policy and institutions for environmental sustainability rating (1=low to 6=high)","IQ.CPA.ENVR.XQ","3.5","3","2.75","2.75","2.75","2.75","2.75","2.5","2.5","2.5","",
"Montenegro","MNE","CPIA policy and institutions for environmental sustainability rating (1=low to 6=high)","IQ.CPA.ENVR.XQ","","","","","","","","","","","",
"Mongolia","MNG","CPIA policy and institutions for environmental sustainability rating (1=low to 6=high)","IQ.CPA.ENVR.XQ","3","3","3.5","3.5","3.5","3.5","3.5","3.5","3.5","3.5","",
"Northern Mariana Islands","MNP","CPIA policy and institutions for environmental sustainability rating (1=low to 6=high)","IQ.CPA.ENVR.XQ","","","","","","","","","","","",
"Mozambique","MOZ","CPIA policy and institutions for environmental sustainability rating (1=low to 6=high)","IQ.CPA.ENVR.XQ","3.5","3","3.5","3.5","3.5","3.5","3.5","3.5","3.5","3.5","",
"Mauritania","MRT","CPIA policy and institutions for environmental sustainability rating (1=low to 6=high)","IQ.CPA.ENVR.XQ","3","3","2.5","3","3","3","3","3.5","3.5","3","",
"Mauritius","MUS","CPIA policy and institutions for environmental sustainability rating (1=low to 6=high)","IQ.CPA.ENVR.XQ","","","","","","","","","","","",
"Malawi","MWI","CPIA policy and institutions for environmental sustainability rating (1=low to 6=high)","IQ.CPA.ENVR.XQ","3.5","4","3.5","3.5","3.5","3.5","3.5","3.5","3.5","3.5","",
"Malaysia","MYS","CPIA policy and institutions for environmental sustainability rating (1=low to 6=high)","IQ.CPA.ENVR.XQ","","","","","","","","","","","",
"North America","NAC","CPIA policy and institutions for environmental sustainability rating (1=low to 6=high)","IQ.CPA.ENVR.XQ","","","","","","","","","","","",
"Namibia","NAM","CPIA policy and institutions for environmental sustainability rating (1=low to 6=high)","IQ.CPA.ENVR.XQ","","","","","","","","","","","",
"New Caledonia","NCL","CPIA policy and institutions for environmental sustainability rating (1=low to 6=high)","IQ.CPA.ENVR.XQ","","","","","","","","","","","",
"Niger","NER","CPIA policy and institutions for environmental sustainability rating (1=low to 6=high)","IQ.CPA.ENVR.XQ","3.5","4","4","3.5","3.5","3.5","3.5","3","3","3.5","",
"Nigeria","NGA","CPIA policy and institutions for environmental sustainability rating (1=low to 6=high)","IQ.CPA.ENVR.XQ","3","3.5","3.5","3.5","3.5","3.5","3.5","3.5","3.5","3.5","",
"Nicaragua","NIC","CPIA policy and institutions for environmental sustainability rating (1=low to 6=high)","IQ.CPA.ENVR.XQ","3.5","3.5","3.5","3.5","3.5","3.5","3.5","3","3","3","",
"Netherlands","NLD","CPIA policy and institutions for environmental sustainability rating (1=low to 6=high)","IQ.CPA.ENVR.XQ","","","","","","","","","","","",
"Norway","NOR","CPIA policy and institutions for environmental sustainability rating (1=low to 6=high)","IQ.CPA.ENVR.XQ","","","","","","","","","","","",
"Nepal","NPL","CPIA policy and institutions for environmental sustainability rating (1=low to 6=high)","IQ.CPA.ENVR.XQ","3.5","3.5","3.5","3.5","3.5","3.5","3.5","3.5","3.5","3.5","",
"Nauru","NRU","CPIA policy and institutions for environmental sustainability rating (1=low to 6=high)","IQ.CPA.ENVR.XQ","","","","","","","","","","","",
"New Zealand","NZL","CPIA policy and institutions for environmental sustainability rating (1=low to 6=high)","IQ.CPA.ENVR.XQ","","","","","","","","","","","",
"OECD members","OED","CPIA policy and institutions for environmental sustainability rating (1=low to 6=high)","IQ.CPA.ENVR.XQ","","","","","","","","","","","",
"Oman","OMN","CPIA policy and institutions for environmental sustainability rating (1=low to 6=high)","IQ.CPA.ENVR.XQ","","","","","","","","","","","",
"Other small states","OSS","CPIA policy and institutions for environmental sustainability rating (1=low to 6=high)","IQ.CPA.ENVR.XQ","3.25","3.2","3.15","3.15","3.15","3.1","3.1","3.1","3.1","3.2","",
"Pakistan","PAK","CPIA policy and institutions for environmental sustainability rating (1=low to 6=high)","IQ.CPA.ENVR.XQ","2.5","2.5","2.5","2.5","3","3","3","3","3","3","",
"Panama","PAN","CPIA policy and institutions for environmental sustainability rating (1=low to 6=high)","IQ.CPA.ENVR.XQ","","","","","","","","","","","",
"Peru","PER","CPIA policy and institutions for environmental sustainability rating (1=low to 6=high)","IQ.CPA.ENVR.XQ","","","","","","","","","","","",
"Philippines","PHL","CPIA policy and institutions for environmental sustainability rating (1=low to 6=high)","IQ.CPA.ENVR.XQ","","","","","","","","","","","",
"Palau","PLW","CPIA policy and institutions for environmental sustainability rating (1=low to 6=high)","IQ.CPA.ENVR.XQ","","","","","","","","","","","",
"Papua New Guinea","PNG","CPIA policy and institutions for environmental sustainability rating (1=low to 6=high)","IQ.CPA.ENVR.XQ","2","2","2","2","2","2","2","2","2","2","",
"Poland","POL","CPIA policy and institutions for environmental sustainability rating (1=low to 6=high)","IQ.CPA.ENVR.XQ","","","","","","","","","","","",
"Pre-demographic dividend","PRE","CPIA policy and institutions for environmental sustainability rating (1=low to 6=high)","IQ.CPA.ENVR.XQ","2.93939393939394","3.01515151515152","3.01470588235294","2.97058823529412","3.04545454545455","3.07575757575758","3.01515151515152","3.01470588235294","3.04545454545455","3.05882352941176","",
"Puerto Rico","PRI","CPIA policy and institutions for environmental sustainability rating (1=low to 6=high)","IQ.CPA.ENVR.XQ","","","","","","","","","","","",
"Korea, Dem. People’s Rep.","PRK","CPIA policy and institutions for environmental sustainability rating (1=low to 6=high)","IQ.CPA.ENVR.XQ","","","","","","","","","","","",
"Portugal","PRT","CPIA policy and institutions for environmental sustainability rating (1=low to 6=high)","IQ.CPA.ENVR.XQ","","","","","","","","","","","",
"Paraguay","PRY","CPIA policy and institutions for environmental sustainability rating (1=low to 6=high)","IQ.CPA.ENVR.XQ","","","","","","","","","","","",
"West Bank and Gaza","PSE","CPIA policy and institutions for environmental sustainability rating (1=low to 6=high)","IQ.CPA.ENVR.XQ","","","","","","","","","","","",
"Pacific island small states","PSS","CPIA policy and institutions for environmental sustainability rating (1=low to 6=high)","IQ.CPA.ENVR.XQ","3","3","3.0625","3.0625","3.0625","3.0625","3","3","3","3","",
"Post-demographic dividend","PST","CPIA policy and institutions for environmental sustainability rating (1=low to 6=high)","IQ.CPA.ENVR.XQ","3.5","3.5","3.5","3.5","","","","","","","",
"French Polynesia","PYF","CPIA policy and institutions for environmental sustainability rating (1=low to 6=high)","IQ.CPA.ENVR.XQ","","","","","","","","","","","",
"Qatar","QAT","CPIA policy and institutions for environmental sustainability rating (1=low to 6=high)","IQ.CPA.ENVR.XQ","","","","","","","","","","","",
"Romania","ROU","CPIA policy and institutions for environmental sustainability rating (1=low to 6=high)","IQ.CPA.ENVR.XQ","","","","","","","","","","","",
"Russian Federation","RUS","CPIA policy and institutions for environmental sustainability rating (1=low to 6=high)","IQ.CPA.ENVR.XQ","","","","","","","","","","","",
"Rwanda","RWA","CPIA policy and institutions for environmental sustainability rating (1=low to 6=high)","IQ.CPA.ENVR.XQ","3.5","3.5","3.5","3.5","4","4","4","4","4","4.5","",
"South Asia","SAS","CPIA policy and institutions for environmental sustainability rating (1=low to 6=high)","IQ.CPA.ENVR.XQ","3.3125","3.125","3.1875","3.25","3.21428571428571","3.14285714285714","3.25","3.16666666666667","3.16666666666667","3.35714285714286","",
"Saudi Arabia","SAU","CPIA policy and institutions for environmental sustainability rating (1=low to 6=high)","IQ.CPA.ENVR.XQ","","","","","","","","","","","",
"Sudan","SDN","CPIA policy and institutions for environmental sustainability rating (1=low to 6=high)","IQ.CPA.ENVR.XQ","2","2","2","2","2","2","2","2","2","2","",
"Senegal","SEN","CPIA policy and institutions for environmental sustainability rating (1=low to 6=high)","IQ.CPA.ENVR.XQ","3.5","3.5","3.5","3.5","3.5","3.5","3.5","3.5","3.5","3.5","",
"Singapore","SGP","CPIA policy and institutions for environmental sustainability rating (1=low to 6=high)","IQ.CPA.ENVR.XQ","","","","","","","","","","","",
"Solomon Islands","SLB","CPIA policy and institutions for environmental sustainability rating (1=low to 6=high)","IQ.CPA.ENVR.XQ","2","2","2.5","2.5","2.5","2.5","2.5","2.5","2.5","2.5","",
"Sierra Leone","SLE","CPIA policy and institutions for environmental sustainability rating (1=low to 6=high)","IQ.CPA.ENVR.XQ","2.5","3","3","3","3.5","3.5","3","3","3","3","",
"El Salvador","SLV","CPIA policy and institutions for environmental sustainability rating (1=low to 6=high)","IQ.CPA.ENVR.XQ","","","","","","","","","","","",
"San Marino","SMR","CPIA policy and institutions for environmental sustainability rating (1=low to 6=high)","IQ.CPA.ENVR.XQ","","","","","","","","","","","",
"Somalia","SOM","CPIA policy and institutions for environmental sustainability rating (1=low to 6=high)","IQ.CPA.ENVR.XQ","","","","","","","","2","","2","",
"Serbia","SRB","CPIA policy and institutions for environmental sustainability rating (1=low to 6=high)","IQ.CPA.ENVR.XQ","","","","","","","","","","","",
"Sub-Saharan Africa (excluding high income)","SSA","CPIA policy and institutions for environmental sustainability rating (1=low to 6=high)","IQ.CPA.ENVR.XQ","2.98684210526316","3.13157894736842","3.12820512820513","3.08974358974359","3.17105263157895","3.22368421052632","3.17105263157895","3.17948717948718","3.21052631578947","3.23076923076923","",
"South Sudan","SSD","CPIA policy and institutions for environmental sustainability rating (1=low to 6=high)","IQ.CPA.ENVR.XQ","","","2.5","2","2","2","1","1","1","1","",
"Sub-Saharan Africa","SSF","CPIA policy and institutions for environmental sustainability rating (1=low to 6=high)","IQ.CPA.ENVR.XQ","2.98684210526316","3.13157894736842","3.12820512820513","3.08974358974359","3.17105263157895","3.22368421052632","3.17105263157895","3.17948717948718","3.21052631578947","3.23076923076923","",
"Small states","SST","CPIA policy and institutions for environmental sustainability rating (1=low to 6=high)","IQ.CPA.ENVR.XQ","3.25","3.18181818181818","3.17391304347826","3.17391304347826","3.17391304347826","3.15217391304348","3.1304347826087","3.1304347826087","3.15217391304348","3.19565217391304","",
"Sao Tome and Principe","STP","CPIA policy and institutions for environmental sustainability rating (1=low to 6=high)","IQ.CPA.ENVR.XQ","3","3.5","3.5","3.5","3.5","3.5","3.5","3.5","3.5","3.5","",
"Suriname","SUR","CPIA policy and institutions for environmental sustainability rating (1=low to 6=high)","IQ.CPA.ENVR.XQ","","","","","","","","","","","",
"Slovak Republic","SVK","CPIA policy and institutions for environmental sustainability rating (1=low to 6=high)","IQ.CPA.ENVR.XQ","","","","","","","","","","","",
"Slovenia","SVN","CPIA policy and institutions for environmental sustainability rating (1=low to 6=high)","IQ.CPA.ENVR.XQ","","","","","","","","","","","",
"Sweden","SWE","CPIA policy and institutions for environmental sustainability rating (1=low to 6=high)","IQ.CPA.ENVR.XQ","","","","","","","","","","","",
"Eswatini","SWZ","CPIA policy and institutions for environmental sustainability rating (1=low to 6=high)","IQ.CPA.ENVR.XQ","","","","","","","","","","","",
"Sint Maarten (Dutch part)","SXM","CPIA policy and institutions for environmental sustainability rating (1=low to 6=high)","IQ.CPA.ENVR.XQ","","","","","","","","","","","",
"Seychelles","SYC","CPIA policy and institutions for environmental sustainability rating (1=low to 6=high)","IQ.CPA.ENVR.XQ","","","","","","","","","","","",
"Syrian Arab Republic","SYR","CPIA policy and institutions for environmental sustainability rating (1=low to 6=high)","IQ.CPA.ENVR.XQ","","","","","","","","","","","",
"Turks and Caicos Islands","TCA","CPIA policy and institutions for environmental sustainability rating (1=low to 6=high)","IQ.CPA.ENVR.XQ","","","","","","","","","","","",
"Chad","TCD","CPIA policy and institutions for environmental sustainability rating (1=low to 6=high)","IQ.CPA.ENVR.XQ","2","2.5","2.5","2.5","2.5","2.5","2.5","2.5","2.5","3","",
"East Asia & Pacific (IDA & IBRD countries)","TEA","CPIA policy and institutions for environmental sustainability rating (1=low to 6=high)","IQ.CPA.ENVR.XQ","3","2.96153846153846","3.03571428571429","2.96666666666667","3","3","2.89285714285714","2.89285714285714","2.89285714285714","2.89285714285714","",
"Europe & Central Asia (IDA & IBRD countries)","TEC","CPIA policy and institutions for environmental sustainability rating (1=low to 6=high)","IQ.CPA.ENVR.XQ","3.22222222222222","3.125","3.1875","3.1875","3.2","3.2","3.2","3.2","3.3","3.4","",
"Togo","TGO","CPIA policy and institutions for environmental sustainability rating (1=low to 6=high)","IQ.CPA.ENVR.XQ","2.5","2.5","2.5","2.5","3","3.5","4","4","4","4","",
"Thailand","THA","CPIA policy and institutions for environmental sustainability rating (1=low to 6=high)","IQ.CPA.ENVR.XQ","","","","","","","","","","","",
"Tajikistan","TJK","CPIA policy and institutions for environmental sustainability rating (1=low to 6=high)","IQ.CPA.ENVR.XQ","3","3","3","3","3","3","3","3","3","3","",
"Turkmenistan","TKM","CPIA policy and institutions for environmental sustainability rating (1=low to 6=high)","IQ.CPA.ENVR.XQ","","","","","","","","","","","",
"Latin America & the Caribbean (IDA & IBRD countries)","TLA","CPIA policy and institutions for environmental sustainability rating (1=low to 6=high)","IQ.CPA.ENVR.XQ","3.38888888888889","3.33333333333333","3.33333333333333","3.33333333333333","3.33333333333333","3.33333333333333","3.3125","3.25","3.3125","3.3125","",
"Timor-Leste","TLS","CPIA policy and institutions for environmental sustainability rating (1=low to 6=high)","IQ.CPA.ENVR.XQ","2.5","2","2","2","2","2","2","2","2","2","",
"Middle East & North Africa (IDA & IBRD countries)","TMN","CPIA policy and institutions for environmental sustainability rating (1=low to 6=high)","IQ.CPA.ENVR.XQ","3.5","3","2.75","2.75","2.75","2.75","2.75","2.5","2.5","2.5","",
"Tonga","TON","CPIA policy and institutions for environmental sustainability rating (1=low to 6=high)","IQ.CPA.ENVR.XQ","3","3","3","3","3","3","3","3","3","3","",
"South Asia (IDA & IBRD)","TSA","CPIA policy and institutions for environmental sustainability rating (1=low to 6=high)","IQ.CPA.ENVR.XQ","3.3125","3.125","3.1875","3.25","3.21428571428571","3.14285714285714","3.25","3.16666666666667","3.16666666666667","3.35714285714286","",
"Sub-Saharan Africa (IDA & IBRD countries)","TSS","CPIA policy and institutions for environmental sustainability rating (1=low to 6=high)","IQ.CPA.ENVR.XQ","2.98684210526316","3.13157894736842","3.12820512820513","3.08974358974359","3.17105263157895","3.22368421052632","3.17105263157895","3.17948717948718","3.21052631578947","3.23076923076923","",
"Trinidad and Tobago","TTO","CPIA policy and institutions for environmental sustainability rating (1=low to 6=high)","IQ.CPA.ENVR.XQ","","","","","","","","","","","",
"Tunisia","TUN","CPIA policy and institutions for environmental sustainability rating (1=low to 6=high)","IQ.CPA.ENVR.XQ","","","","","","","","","","","",
"Turkey","TUR","CPIA policy and institutions for environmental sustainability rating (1=low to 6=high)","IQ.CPA.ENVR.XQ","","","","","","","","","","","",
"Tuvalu","TUV","CPIA policy and institutions for environmental sustainability rating (1=low to 6=high)","IQ.CPA.ENVR.XQ","","","3","3","3","3","3","3","3","3","",
"Tanzania","TZA","CPIA policy and institutions for environmental sustainability rating (1=low to 6=high)","IQ.CPA.ENVR.XQ","3.5","3","3.5","3.5","3.5","3","3","3.5","3","3","",
"Uganda","UGA","CPIA policy and institutions for environmental sustainability rating (1=low to 6=high)","IQ.CPA.ENVR.XQ","4","3.5","3.5","3.5","3.5","3.5","3.5","3.5","3.5","3.5","",
"Ukraine","UKR","CPIA policy and institutions for environmental sustainability rating (1=low to 6=high)","IQ.CPA.ENVR.XQ","","","","","","","","","","","",
"Upper middle income","UMC","CPIA policy and institutions for environmental sustainability rating (1=low to 6=high)","IQ.CPA.ENVR.XQ","3.38461538461538","3.30769230769231","3.32142857142857","3.32142857142857","3.31818181818182","3.27272727272727","3.27272727272727","3.22727272727273","3.27272727272727","3.40909090909091","",
"Uruguay","URY","CPIA policy and institutions for environmental sustainability rating (1=low to 6=high)","IQ.CPA.ENVR.XQ","","","","","","","","","","","",
"United States","USA","CPIA policy and institutions for environmental sustainability rating (1=low to 6=high)","IQ.CPA.ENVR.XQ","","","","","","","","","","","",
"Uzbekistan","UZB","CPIA policy and institutions for environmental sustainability rating (1=low to 6=high)","IQ.CPA.ENVR.XQ","3.5","3.5","3.5","3.5","3.5","3.5","3.5","3.5","3.5","3.5","",
"St. Vincent and the Grenadines","VCT","CPIA policy and institutions for environmental sustainability rating (1=low to 6=high)","IQ.CPA.ENVR.XQ","3.5","3.5","3.5","3.5","3.5","3.5","3.5","3.5","3.5","3.5","",
"Venezuela, RB","VEN","CPIA policy and institutions for environmental sustainability rating (1=low to 6=high)","IQ.CPA.ENVR.XQ","","","","","","","","","","","",
"British Virgin Islands","VGB","CPIA policy and institutions for environmental sustainability rating (1=low to 6=high)","IQ.CPA.ENVR.XQ","","","","","","","","","","","",
"Virgin Islands (U.S.)","VIR","CPIA policy and institutions for environmental sustainability rating (1=low to 6=high)","IQ.CPA.ENVR.XQ","","","","","","","","","","","",
"Vietnam","VNM","CPIA policy and institutions for environmental sustainability rating (1=low to 6=high)","IQ.CPA.ENVR.XQ","3.5","3.5","3.5","3.5","4","4","","","","","",
"Vanuatu","VUT","CPIA policy and institutions for environmental sustainability rating (1=low to 6=high)","IQ.CPA.ENVR.XQ","3","3","3","3","3.5","3.5","3.5","3.5","3.5","3.5","",
"World","WLD","CPIA policy and institutions for environmental sustainability rating (1=low to 6=high)","IQ.CPA.ENVR.XQ","3.11038961038961","3.12179487179487","3.1375","3.11111111111111","3.15131578947368","3.17105263157895","3.13013698630137","3.11486486486486","3.14383561643836","3.18","",
"Samoa","WSM","CPIA policy and institutions for environmental sustainability rating (1=low to 6=high)","IQ.CPA.ENVR.XQ","4","4","4","4","3.5","3.5","3.5","3.5","3.5","3.5","",
"Kosovo","XKX","CPIA policy and institutions for environmental sustainability rating (1=low to 6=high)","IQ.CPA.ENVR.XQ","3","2.5","3","3","3","3","3","3","3","3.5","",
"Yemen, Rep.","YEM","CPIA policy and institutions for environmental sustainability rating (1=low to 6=high)","IQ.CPA.ENVR.XQ","3.5","3.5","3","3","3","3","3","2.5","2.5","2.5","",
"South Africa","ZAF","CPIA policy and institutions for environmental sustainability rating (1=low to 6=high)","IQ.CPA.ENVR.XQ","","","","","","","","","","","",
"Zambia","ZMB","CPIA policy and institutions for environmental sustainability rating (1=low to 6=high)","IQ.CPA.ENVR.XQ","3.5","3.5","3.5","3.5","3.5","3.5","3.5","3.5","3.5","3.5","",
"Zimbabwe","ZWE","CPIA policy and institutions for environmental sustainability rating (1=low to 6=high)","IQ.CPA.ENVR.XQ","2","3","3","3","3","3.5","4","4","4","4","",
