country_name,country_code,year,Civil liberties index
Afghanistan,AFG,2010,0.548055481746174
Afghanistan,AFG,2011,0.5438474555833279
Afghanistan,AFG,2012,0.548934226650417
Afghanistan,AFG,2013,0.551491450226639
Afghanistan,AFG,2014,0.550696551015585
Afghanistan,AFG,2015,0.549506993162886
Afghanistan,AFG,2016,0.5308153825504129
Afghanistan,AFG,2017,0.538488758219359
Afghanistan,AFG,2018,0.570567092798195
Albania,ALB,2010,0.765977631790774
Albania,ALB,2011,0.769875639086938
Albania,ALB,2012,0.764147109814433
Albania,ALB,2013,0.7236099125601531
Albania,ALB,2014,0.7310777144710359
Albania,ALB,2015,0.726476407631976
Albania,ALB,2016,0.7289066481904078
Albania,ALB,2017,0.750213193439792
Albania,ALB,2018,0.7180250653780369
Algeria,DZA,2010,0.553977323219939
Algeria,DZA,2011,0.552075754280177
Algeria,DZA,2012,0.51239815054618
Algeria,DZA,2013,0.54267193429375
Algeria,DZA,2014,0.5378840649485089
Algeria,DZA,2015,0.53728112332863
Algeria,DZA,2016,0.5127784690052021
Algeria,DZA,2017,0.541024868562534
Algeria,DZA,2018,0.541298289601576
Angola,AGO,2010,0.49636372439205995
Angola,AGO,2011,0.495428599681868
Angola,AGO,2012,0.498061658067501
Angola,AGO,2013,0.500193837696552
Angola,AGO,2014,0.49924598432263
Angola,AGO,2015,0.496979838427247
Angola,AGO,2016,0.49717226312534796
Angola,AGO,2017,0.525363263801276
Angola,AGO,2018,0.556222169039504
Argentina,ARG,2010,0.805257540688108
Argentina,ARG,2011,0.805857656311085
Argentina,ARG,2012,0.810446514750571
Argentina,ARG,2013,0.806425681688257
Argentina,ARG,2014,0.805794783718867
Argentina,ARG,2015,0.793449918395252
Argentina,ARG,2016,0.8402508093269759
Argentina,ARG,2017,0.832565639208152
Argentina,ARG,2018,0.8368242997617591
Armenia,ARM,2010,0.648728772004619
Armenia,ARM,2011,0.650145530666049
Armenia,ARM,2012,0.6422300301220911
Armenia,ARM,2013,0.657886029600239
Armenia,ARM,2014,0.647658559971473
Armenia,ARM,2015,0.6538765705915689
Armenia,ARM,2016,0.662079552093037
Armenia,ARM,2017,0.675379931344157
Armenia,ARM,2018,0.743085351949537
Australia,AUS,2010,0.9330276570040379
Australia,AUS,2011,0.9349751191992649
Australia,AUS,2012,0.933067337737389
Australia,AUS,2013,0.886872284488484
Australia,AUS,2014,0.8882792105491241
Australia,AUS,2015,0.8899019633648508
Australia,AUS,2016,0.890506609925009
Australia,AUS,2017,0.840590933235029
Australia,AUS,2018,0.8490278418849591
Austria,AUT,2010,0.9114276985391859
Austria,AUT,2011,0.917227087932342
Austria,AUT,2012,0.916809027233712
Austria,AUT,2013,0.8802343914527472
Austria,AUT,2014,0.878732969661008
Austria,AUT,2015,0.8759236251215621
Austria,AUT,2016,0.8888781350494409
Austria,AUT,2017,0.876939769528042
Austria,AUT,2018,0.811892374173481
Azerbaijan,AZE,2010,0.407958413657235
Azerbaijan,AZE,2011,0.4158593638204529
Azerbaijan,AZE,2012,0.41408522165005995
Azerbaijan,AZE,2013,0.388314185180197
Azerbaijan,AZE,2014,0.380499719864299
Azerbaijan,AZE,2015,0.37699478304623296
Azerbaijan,AZE,2016,0.3778887089255661
Azerbaijan,AZE,2017,0.40495888653293105
Azerbaijan,AZE,2018,0.36741112689335703
Bahrain,BHR,2010,0.489838544257529
Bahrain,BHR,2011,0.27007111165773
Bahrain,BHR,2012,0.271142865143732
Bahrain,BHR,2013,0.265795004660443
Bahrain,BHR,2014,0.26603864763296303
Bahrain,BHR,2015,0.24224408069842
Bahrain,BHR,2016,0.22955066018674203
Bahrain,BHR,2017,0.15536163196323002
Bahrain,BHR,2018,0.149876769018591
Bangladesh,BGD,2010,0.5734358766939539
Bangladesh,BGD,2011,0.577299621697107
Bangladesh,BGD,2012,0.54649676928998
Bangladesh,BGD,2013,0.564126318885164
Bangladesh,BGD,2014,0.553370084216343
Bangladesh,BGD,2015,0.542368384857991
Bangladesh,BGD,2016,0.543074230133633
Bangladesh,BGD,2017,0.5103184036695549
Bangladesh,BGD,2018,0.510975249428676
Belarus,BLR,2010,0.44876457107941603
Belarus,BLR,2011,0.443901404097728
Belarus,BLR,2012,0.42506365908350496
Belarus,BLR,2013,0.474123245555145
Belarus,BLR,2014,0.47676340396605105
Belarus,BLR,2015,0.47862398427307
Belarus,BLR,2016,0.5152820453509911
Belarus,BLR,2017,0.515245424168005
Belarus,BLR,2018,0.49936061236223206
Belgium,BEL,2010,0.9253982360968129
Belgium,BEL,2011,0.926961783109689
Belgium,BEL,2012,0.926436474660886
Belgium,BEL,2013,0.9015306837051079
Belgium,BEL,2014,0.9026698874312009
Belgium,BEL,2015,0.891100186051024
Belgium,BEL,2016,0.89350375480399
Belgium,BEL,2017,0.8854557126698249
Belgium,BEL,2018,0.880285282752317
Benin,BEN,2010,0.8033905376608579
Benin,BEN,2011,0.7981213146285351
Benin,BEN,2012,0.794626116989872
Benin,BEN,2013,0.8033220130748371
Benin,BEN,2014,0.812626572839521
Benin,BEN,2015,0.8204596757217599
Benin,BEN,2016,0.8329276237203341
Benin,BEN,2017,0.847835528101398
Benin,BEN,2018,0.8199007122189499
Bolivia,BOL,2010,0.747303444266635
Bolivia,BOL,2011,0.7489440172115821
Bolivia,BOL,2012,0.7317686823910899
Bolivia,BOL,2013,0.7258156615300241
Bolivia,BOL,2014,0.7120312193716529
Bolivia,BOL,2015,0.7252347206463531
Bolivia,BOL,2016,0.7084828649648299
Bolivia,BOL,2017,0.716138747479403
Bolivia,BOL,2018,0.730689128219427
Bosnia and Herzegovina,BIH,2010,0.735972177616755
Bosnia and Herzegovina,BIH,2011,0.73415949912498
Bosnia and Herzegovina,BIH,2012,0.735088761643253
Bosnia and Herzegovina,BIH,2013,0.725549667491103
Bosnia and Herzegovina,BIH,2014,0.718589237123071
Bosnia and Herzegovina,BIH,2015,0.723111532825624
Bosnia and Herzegovina,BIH,2016,0.6982167422379499
Bosnia and Herzegovina,BIH,2017,0.7043130014378249
Bosnia and Herzegovina,BIH,2018,0.648666459940711
Botswana,BWA,2010,0.8063822874548459
Botswana,BWA,2011,0.808723310590442
Botswana,BWA,2012,0.8123621436088009
Botswana,BWA,2013,0.773427006333433
Botswana,BWA,2014,0.769445527029621
Botswana,BWA,2015,0.7712399883512869
Botswana,BWA,2016,0.7664228547571421
Botswana,BWA,2017,0.7529185366221991
Botswana,BWA,2018,0.7630007359970279
Brazil,BRA,2010,0.862297181880857
Brazil,BRA,2011,0.866467022052515
Brazil,BRA,2012,0.8521075012023921
Brazil,BRA,2013,0.8563999569420842
Brazil,BRA,2014,0.8287292900262
Brazil,BRA,2015,0.834721057406764
Brazil,BRA,2016,0.7363145669933979
Brazil,BRA,2017,0.732572713542544
Brazil,BRA,2018,0.712677368382172
Bulgaria,BGR,2010,0.8086592235202159
Bulgaria,BGR,2011,0.798899935163223
Bulgaria,BGR,2012,0.775507991043412
Bulgaria,BGR,2013,0.7206159907189591
Bulgaria,BGR,2014,0.744701635334341
Bulgaria,BGR,2015,0.7586201371804291
Bulgaria,BGR,2016,0.750665376299354
Bulgaria,BGR,2017,0.7495961685460991
Bulgaria,BGR,2018,0.714635574036693
Burkina Faso,BFA,2010,0.7226062165532471
Burkina Faso,BFA,2011,0.7189071500968001
Burkina Faso,BFA,2012,0.701608475692538
Burkina Faso,BFA,2013,0.726604745259851
Burkina Faso,BFA,2014,0.776878786383338
Burkina Faso,BFA,2015,0.785945378524652
Burkina Faso,BFA,2016,0.7778162699835061
Burkina Faso,BFA,2017,0.7916100075697009
Burkina Faso,BFA,2018,0.755120525381318
Burundi,BDI,2010,0.54000919126298
Burundi,BDI,2011,0.5630617121351271
Burundi,BDI,2012,0.554276224941786
Burundi,BDI,2013,0.47115520143764295
Burundi,BDI,2014,0.436280834866748
Burundi,BDI,2015,0.319138358682954
Burundi,BDI,2016,0.24996447067945302
Burundi,BDI,2017,0.229884875192183
Burundi,BDI,2018,0.271390268327005
Cambodia,KHM,2010,0.517487023594435
Cambodia,KHM,2011,0.51645579163425
Cambodia,KHM,2012,0.512953610747047
Cambodia,KHM,2013,0.508482112922679
Cambodia,KHM,2014,0.500419310209657
Cambodia,KHM,2015,0.504632778168188
Cambodia,KHM,2016,0.45609677184972597
Cambodia,KHM,2017,0.41401905595401506
Cambodia,KHM,2018,0.42987292192595
Cameroon,CMR,2010,0.6483107346613349
Cameroon,CMR,2011,0.647397587332004
Cameroon,CMR,2012,0.64190973490304
Cameroon,CMR,2013,0.599739064729085
Cameroon,CMR,2014,0.604269488092148
Cameroon,CMR,2015,0.6019442064599531
Cameroon,CMR,2016,0.518351007919821
Cameroon,CMR,2017,0.49243355678405204
Cameroon,CMR,2018,0.48667013462418696
Canada,CAN,2010,0.9064369179453579
Canada,CAN,2011,0.908932319919945
Canada,CAN,2012,0.9104043139753559
Canada,CAN,2013,0.90005684457734
Canada,CAN,2014,0.898677290982555
Canada,CAN,2015,0.8898913133269409
Canada,CAN,2016,0.8971473990236859
Canada,CAN,2017,0.8739875836906721
Canada,CAN,2018,0.867990281093037
Central African Republic,CAF,2010,0.5241738927913471
Central African Republic,CAF,2011,0.516670987794987
Central African Republic,CAF,2012,0.5169323341199961
Central African Republic,CAF,2013,0.432295922327032
Central African Republic,CAF,2014,0.4840595907923789
Central African Republic,CAF,2015,0.535250375968526
Central African Republic,CAF,2016,0.569363264828911
Central African Republic,CAF,2017,0.5748329234431129
Central African Republic,CAF,2018,0.5917884377443039
Chad,TCD,2010,0.469252114400372
Chad,TCD,2011,0.48344910539564795
Chad,TCD,2012,0.461961626278539
Chad,TCD,2013,0.4934291951964871
Chad,TCD,2014,0.48492121622778994
Chad,TCD,2015,0.49008312144390004
Chad,TCD,2016,0.48414523484723204
Chad,TCD,2017,0.4647918972082629
Chad,TCD,2018,0.47275499594796394
Chile,CHL,2010,0.9046407283280659
Chile,CHL,2011,0.920392040974433
Chile,CHL,2012,0.935491015443513
Chile,CHL,2013,0.935117610166993
Chile,CHL,2014,0.9308769098746851
Chile,CHL,2015,0.9077599983128101
Chile,CHL,2016,0.905698678804409
Chile,CHL,2017,0.912689891518854
Chile,CHL,2018,0.8603137524523409
China,CHN,2010,0.38518816550037505
China,CHN,2011,0.38374293667181497
China,CHN,2012,0.367025389993995
China,CHN,2013,0.35899633575636497
China,CHN,2014,0.36259784693134894
China,CHN,2015,0.346882174543425
China,CHN,2016,0.342792256366778
China,CHN,2017,0.32320760737813103
China,CHN,2018,0.30158812384377903
Colombia,COL,2010,0.659177486828811
Colombia,COL,2011,0.707480149882468
Colombia,COL,2012,0.71130610593532
Colombia,COL,2013,0.709748234271593
Colombia,COL,2014,0.7131546582389989
Colombia,COL,2015,0.7040581011883921
Colombia,COL,2016,0.722967360272962
Colombia,COL,2017,0.719314443980789
Colombia,COL,2018,0.647068837477595
"Congo, Dem. Rep.",COD,2010,0.490590679829522
"Congo, Dem. Rep.",COD,2011,0.488706580688786
"Congo, Dem. Rep.",COD,2012,0.48898142640395204
"Congo, Dem. Rep.",COD,2013,0.48754483905352103
"Congo, Dem. Rep.",COD,2014,0.49526775141195295
"Congo, Dem. Rep.",COD,2015,0.491178720738466
"Congo, Dem. Rep.",COD,2016,0.45010857783714503
"Congo, Dem. Rep.",COD,2017,0.452546011842235
"Congo, Dem. Rep.",COD,2018,0.460731149859136
"Congo, Rep.",COG,2010,0.467335341130173
"Congo, Rep.",COG,2011,0.474763065266819
"Congo, Rep.",COG,2012,0.47740829178787003
"Congo, Rep.",COG,2013,0.389757615647092
"Congo, Rep.",COG,2014,0.385856992552144
"Congo, Rep.",COG,2015,0.37170092012357103
"Congo, Rep.",COG,2016,0.37278171212858796
"Congo, Rep.",COG,2017,0.399063249757706
"Congo, Rep.",COG,2018,0.3823830716339529
Costa Rica,CRI,2010,0.973171947267645
Costa Rica,CRI,2011,0.973391207258636
Costa Rica,CRI,2012,0.9742009371145859
Costa Rica,CRI,2013,0.957124068434061
Costa Rica,CRI,2014,0.9570508961341271
Costa Rica,CRI,2015,0.954737035266269
Costa Rica,CRI,2016,0.940794617545578
Costa Rica,CRI,2017,0.8959021853807719
Costa Rica,CRI,2018,0.871692313678463
Cote d'Ivoire,CIV,2010,0.630246238452153
Cote d'Ivoire,CIV,2011,0.618999424734465
Cote d'Ivoire,CIV,2012,0.660495709284234
Cote d'Ivoire,CIV,2013,0.676821937134928
Cote d'Ivoire,CIV,2014,0.68706197194
Cote d'Ivoire,CIV,2015,0.685280239282062
Cote d'Ivoire,CIV,2016,0.681486443541055
Cote d'Ivoire,CIV,2017,0.6491989384808271
Cote d'Ivoire,CIV,2018,0.6729453934020071
Croatia,HRV,2010,0.8168106130617249
Croatia,HRV,2011,0.8254816357028879
Croatia,HRV,2012,0.820427118369029
Croatia,HRV,2013,0.7919436386914849
Croatia,HRV,2014,0.7945638983473499
Croatia,HRV,2015,0.7835872359202242
Croatia,HRV,2016,0.710231876782611
Croatia,HRV,2017,0.6952546070230601
Croatia,HRV,2018,0.687813546983681
Cuba,CUB,2010,0.24577111167407897
Cuba,CUB,2011,0.25886035859471695
Cuba,CUB,2012,0.260122668351117
Cuba,CUB,2013,0.280173536762448
Cuba,CUB,2014,0.279413320240638
Cuba,CUB,2015,0.279510361704482
Cuba,CUB,2016,0.293902766882184
Cuba,CUB,2017,0.296062645951938
Cuba,CUB,2018,0.332837133431125
Cyprus,CYP,2010,0.848281148108653
Cyprus,CYP,2011,0.846757398605859
Cyprus,CYP,2012,0.844260081492876
Cyprus,CYP,2013,0.836346355955236
Cyprus,CYP,2014,0.8292169496567801
Cyprus,CYP,2015,0.842297134703057
Cyprus,CYP,2016,0.8443673525983959
Cyprus,CYP,2017,0.8349120807840881
Cyprus,CYP,2018,0.836187516245103
Czech Republic,CZE,2010,0.925211953854787
Czech Republic,CZE,2011,0.924000161712418
Czech Republic,CZE,2012,0.9270164579753589
Czech Republic,CZE,2013,0.8884656095678821
Czech Republic,CZE,2014,0.881117947558326
Czech Republic,CZE,2015,0.8729706685577651
Czech Republic,CZE,2016,0.882944709323914
Czech Republic,CZE,2017,0.8627324554697041
Czech Republic,CZE,2018,0.856154398831168
Denmark,DNK,2010,0.9964952266693579
Denmark,DNK,2011,0.98922832744728
Denmark,DNK,2012,1.0
Denmark,DNK,2013,0.9517766283470049
Denmark,DNK,2014,0.9530812112801931
Denmark,DNK,2015,0.9472738577139521
Denmark,DNK,2016,0.940351309717606
Denmark,DNK,2017,0.935619539914158
Denmark,DNK,2018,0.932507743640228
Dominican Republic,DOM,2010,0.796054786877911
Dominican Republic,DOM,2011,0.7956360722295849
Dominican Republic,DOM,2012,0.796868206878575
Dominican Republic,DOM,2013,0.787145890034762
Dominican Republic,DOM,2014,0.7814629503982191
Dominican Republic,DOM,2015,0.7528535620488142
Dominican Republic,DOM,2016,0.754039523178184
Dominican Republic,DOM,2017,0.772104579915677
Dominican Republic,DOM,2018,0.799854608298262
Ecuador,ECU,2010,0.670905444035464
Ecuador,ECU,2011,0.668123425251179
Ecuador,ECU,2012,0.6586520148925831
Ecuador,ECU,2013,0.662348885946479
Ecuador,ECU,2014,0.665062029814548
Ecuador,ECU,2015,0.6638596498767341
Ecuador,ECU,2016,0.665651448688923
Ecuador,ECU,2017,0.7054687173937472
Ecuador,ECU,2018,0.835497973001173
"Egypt, Arab Rep.",EGY,2010,0.461161939221495
"Egypt, Arab Rep.",EGY,2011,0.543896408389156
"Egypt, Arab Rep.",EGY,2012,0.5239559640550939
"Egypt, Arab Rep.",EGY,2013,0.34795182604826
"Egypt, Arab Rep.",EGY,2014,0.32575249933151196
"Egypt, Arab Rep.",EGY,2015,0.314726603834401
"Egypt, Arab Rep.",EGY,2016,0.32796077067878304
"Egypt, Arab Rep.",EGY,2017,0.357599732758786
"Egypt, Arab Rep.",EGY,2018,0.346994934155323
El Salvador,SLV,2010,0.783553090403944
El Salvador,SLV,2011,0.788854964210384
El Salvador,SLV,2012,0.784311742117553
El Salvador,SLV,2013,0.748035797860319
El Salvador,SLV,2014,0.746732546181869
El Salvador,SLV,2015,0.7385001836547659
El Salvador,SLV,2016,0.746100597221896
El Salvador,SLV,2017,0.7520807803506991
El Salvador,SLV,2018,0.6948899600013999
Equatorial Guinea,GNQ,2010,0.313734678922027
Equatorial Guinea,GNQ,2011,0.31100021162279307
Equatorial Guinea,GNQ,2012,0.310835112679854
Equatorial Guinea,GNQ,2013,0.29937618570714003
Equatorial Guinea,GNQ,2014,0.299548361320006
Equatorial Guinea,GNQ,2015,0.29606881176335903
Equatorial Guinea,GNQ,2016,0.296508172537808
Equatorial Guinea,GNQ,2017,0.279559384576349
Equatorial Guinea,GNQ,2018,0.290647895756868
Eritrea,ERI,2010,0.12289335652270099
Eritrea,ERI,2011,0.12228870996254301
Eritrea,ERI,2012,0.12234156311120199
Eritrea,ERI,2013,0.160365865236522
Eritrea,ERI,2014,0.16133156209501098
Eritrea,ERI,2015,0.151067891679492
Eritrea,ERI,2016,0.157560748014755
Eritrea,ERI,2017,0.150245363093774
Eritrea,ERI,2018,0.167521102547977
Estonia,EST,2010,0.932783406792515
Estonia,EST,2011,0.9334773875522401
Estonia,EST,2012,0.9323930688899341
Estonia,EST,2013,0.9288374509704129
Estonia,EST,2014,0.9241722906145909
Estonia,EST,2015,0.924333722768163
Estonia,EST,2016,0.9376813498848309
Estonia,EST,2017,0.9275946662835141
Estonia,EST,2018,0.9256105595499559
Ethiopia,ETH,2010,0.44221000991924897
Ethiopia,ETH,2011,0.44119664479897797
Ethiopia,ETH,2012,0.43163818906475104
Ethiopia,ETH,2013,0.421871426996945
Ethiopia,ETH,2014,0.41515924060465204
Ethiopia,ETH,2015,0.39960011910292403
Ethiopia,ETH,2016,0.390799964752111
Ethiopia,ETH,2017,0.38849661379008504
Ethiopia,ETH,2018,0.499794461274956
Finland,FIN,2010,0.9474889137426099
Finland,FIN,2011,0.953699333875162
Finland,FIN,2012,0.9564889665023381
Finland,FIN,2013,0.922389203346569
Finland,FIN,2014,0.9221296787385699
Finland,FIN,2015,0.8621717870266139
Finland,FIN,2016,0.862361992966818
Finland,FIN,2017,0.8739859488164321
Finland,FIN,2018,0.8847964145993431
France,FRA,2010,0.9599982941255071
France,FRA,2011,0.969390646636904
France,FRA,2012,0.975190059385405
France,FRA,2013,0.9439780913772791
France,FRA,2014,0.9304810367550319
France,FRA,2015,0.9293964144732242
France,FRA,2016,0.92609322113643
France,FRA,2017,0.867981709680948
France,FRA,2018,0.848394304761438
Gabon,GAB,2010,0.7259466850227231
Gabon,GAB,2011,0.7291585823108621
Gabon,GAB,2012,0.6948704582872459
Gabon,GAB,2013,0.7539466389659799
Gabon,GAB,2014,0.76451441934557
Gabon,GAB,2015,0.7511271582062429
Gabon,GAB,2016,0.7540017108725371
Gabon,GAB,2017,0.779026614094405
Gabon,GAB,2018,0.734387750924294
"Gambia, The",GMB,2010,0.4185963067863929
"Gambia, The",GMB,2011,0.42390077303627094
"Gambia, The",GMB,2012,0.41318849312917205
"Gambia, The",GMB,2013,0.37381200987492097
"Gambia, The",GMB,2014,0.377569628184522
"Gambia, The",GMB,2015,0.376262055767008
"Gambia, The",GMB,2016,0.381304451676142
"Gambia, The",GMB,2017,0.698458376650689
"Gambia, The",GMB,2018,0.732511756088721
Georgia,GEO,2010,0.691903932267254
Georgia,GEO,2011,0.690300587744296
Georgia,GEO,2012,0.6821210082998129
Georgia,GEO,2013,0.796673002894265
Georgia,GEO,2014,0.804838826039782
Georgia,GEO,2015,0.8171710327657059
Georgia,GEO,2016,0.805406290888643
Georgia,GEO,2017,0.808697526288136
Georgia,GEO,2018,0.7921312288329041
Germany,DEU,2010,0.93348217539823
Germany,DEU,2011,0.930770386140246
Germany,DEU,2012,0.9213552621662141
Germany,DEU,2013,0.9127460611266871
Germany,DEU,2014,0.912699910962413
Germany,DEU,2015,0.8997010959426179
Germany,DEU,2016,0.8998226138093759
Germany,DEU,2017,0.8940944348670659
Germany,DEU,2018,0.874152495790841
Ghana,GHA,2010,0.861969646504456
Ghana,GHA,2011,0.860653876360393
Ghana,GHA,2012,0.8410388654215669
Ghana,GHA,2013,0.8433028159143979
Ghana,GHA,2014,0.827257249260097
Ghana,GHA,2015,0.8024067637643391
Ghana,GHA,2016,0.826629504262456
Ghana,GHA,2017,0.817391553945396
Ghana,GHA,2018,0.7979952191139029
Greece,GRC,2010,0.9078339646945172
Greece,GRC,2011,0.903095912302917
Greece,GRC,2012,0.889406246139799
Greece,GRC,2013,0.8769602755220859
Greece,GRC,2014,0.87486352595336
Greece,GRC,2015,0.860345469012605
Greece,GRC,2016,0.8533484174615871
Greece,GRC,2017,0.8280257335744939
Greece,GRC,2018,0.805016723712489
Guatemala,GTM,2010,0.6897778717389311
Guatemala,GTM,2011,0.688136528067556
Guatemala,GTM,2012,0.677743445678232
Guatemala,GTM,2013,0.6698785561696899
Guatemala,GTM,2014,0.664449675990113
Guatemala,GTM,2015,0.6666786868848921
Guatemala,GTM,2016,0.670016773109047
Guatemala,GTM,2017,0.696965829890541
Guatemala,GTM,2018,0.6607282818226109
Guinea,GIN,2010,0.602261558905371
Guinea,GIN,2011,0.614085763494094
Guinea,GIN,2012,0.621308684599104
Guinea,GIN,2013,0.641874047933906
Guinea,GIN,2014,0.638769538528019
Guinea,GIN,2015,0.633614639915796
Guinea,GIN,2016,0.642724743067252
Guinea,GIN,2017,0.611006104176662
Guinea,GIN,2018,0.570946804018213
Guinea-Bissau,GNB,2010,0.6046878290549339
Guinea-Bissau,GNB,2011,0.6165462725813211
Guinea-Bissau,GNB,2012,0.572905453424313
Guinea-Bissau,GNB,2013,0.637635192713954
Guinea-Bissau,GNB,2014,0.641176774070353
Guinea-Bissau,GNB,2015,0.638341248187713
Guinea-Bissau,GNB,2016,0.649836142393716
Guinea-Bissau,GNB,2017,0.6153608252695689
Guinea-Bissau,GNB,2018,0.621414507673154
Haiti,HTI,2010,0.683100461457268
Haiti,HTI,2011,0.6789176357130711
Haiti,HTI,2012,0.652672088672589
Haiti,HTI,2013,0.707107071580797
Haiti,HTI,2014,0.7068769747091259
Haiti,HTI,2015,0.7059963146664872
Haiti,HTI,2016,0.7424407443918729
Haiti,HTI,2017,0.687106650717456
Haiti,HTI,2018,0.573277901131634
Honduras,HND,2010,0.6330397714221601
Honduras,HND,2011,0.6504441287683941
Honduras,HND,2012,0.661149822467838
Honduras,HND,2013,0.7043479877465708
Honduras,HND,2014,0.7034935791131639
Honduras,HND,2015,0.694174819297934
Honduras,HND,2016,0.6952558682117601
Honduras,HND,2017,0.7019723519877701
Honduras,HND,2018,0.683176903505682
Hungary,HUN,2010,0.805381861196421
Hungary,HUN,2011,0.780835415598695
Hungary,HUN,2012,0.765434736766213
Hungary,HUN,2013,0.7465356606126259
Hungary,HUN,2014,0.735197107094703
Hungary,HUN,2015,0.7199603594378449
Hungary,HUN,2016,0.7144816623046278
Hungary,HUN,2017,0.6856545320617409
Hungary,HUN,2018,0.664003518809894
India,IND,2010,0.705367869008457
India,IND,2011,0.707724306672606
India,IND,2012,0.681938789888041
India,IND,2013,0.7023388674371329
India,IND,2014,0.675525785481752
India,IND,2015,0.613894483207961
India,IND,2016,0.6092811250102149
India,IND,2017,0.5765083659200749
India,IND,2018,0.5679449880699721
Indonesia,IDN,2010,0.715442454540395
Indonesia,IDN,2011,0.7189089718138109
Indonesia,IDN,2012,0.713872765071444
Indonesia,IDN,2013,0.7002903466585
Indonesia,IDN,2014,0.7091829181145909
Indonesia,IDN,2015,0.7290364572050999
Indonesia,IDN,2016,0.7353892748839951
Indonesia,IDN,2017,0.7188385554447401
Indonesia,IDN,2018,0.687532909142635
"Iran, Islamic Rep.",IRN,2010,0.35007344906078697
"Iran, Islamic Rep.",IRN,2011,0.35522498450314394
"Iran, Islamic Rep.",IRN,2012,0.348074091286099
"Iran, Islamic Rep.",IRN,2013,0.39286130761585897
"Iran, Islamic Rep.",IRN,2014,0.38850689014245293
"Iran, Islamic Rep.",IRN,2015,0.390934514902101
"Iran, Islamic Rep.",IRN,2016,0.397753855623182
"Iran, Islamic Rep.",IRN,2017,0.425811193652278
"Iran, Islamic Rep.",IRN,2018,0.38686755503086
Iraq,IRQ,2010,0.53467097653771
Iraq,IRQ,2011,0.533868790458612
Iraq,IRQ,2012,0.53240625531845
Iraq,IRQ,2013,0.47767519668529707
Iraq,IRQ,2014,0.463664931683627
Iraq,IRQ,2015,0.46543655147662
Iraq,IRQ,2016,0.5024438216923011
Iraq,IRQ,2017,0.49506507371683
Iraq,IRQ,2018,0.526842684856807
Ireland,IRL,2010,0.9050474616837441
Ireland,IRL,2011,0.9066962557105871
Ireland,IRL,2012,0.9146970499792031
Ireland,IRL,2013,0.8898082617155259
Ireland,IRL,2014,0.888412289312297
Ireland,IRL,2015,0.8917267165706579
Ireland,IRL,2016,0.8949295986951271
Ireland,IRL,2017,0.9013468537744421
Ireland,IRL,2018,0.888005228981771
Israel,ISR,2010,0.6817711218570099
Israel,ISR,2011,0.678630902126642
Israel,ISR,2012,0.683498553334818
Israel,ISR,2013,0.693104887528943
Israel,ISR,2014,0.693432236062575
Israel,ISR,2015,0.691165109242647
Israel,ISR,2016,0.684790127340121
Israel,ISR,2017,0.6670500602462839
Israel,ISR,2018,0.6691294801480611
Italy,ITA,2010,0.885330271104889
Italy,ITA,2011,0.887096122127348
Italy,ITA,2012,0.896319054956741
Italy,ITA,2013,0.871268110523758
Italy,ITA,2014,0.8706797426399661
Italy,ITA,2015,0.8730588817007099
Italy,ITA,2016,0.872044115259662
Italy,ITA,2017,0.86374698835729
Italy,ITA,2018,0.862427037606241
Jamaica,JAM,2010,0.8186254402453579
Jamaica,JAM,2011,0.81808983208884
Jamaica,JAM,2012,0.8200102020823671
Jamaica,JAM,2013,0.8661474508491992
Jamaica,JAM,2014,0.866027591212028
Jamaica,JAM,2015,0.8671799439980841
Jamaica,JAM,2016,0.869993212235707
Jamaica,JAM,2017,0.8708914354987579
Jamaica,JAM,2018,0.8334000790204791
Japan,JPN,2010,0.872951073422225
Japan,JPN,2011,0.8732095937503341
Japan,JPN,2012,0.8637324846872421
Japan,JPN,2013,0.834137267170845
Japan,JPN,2014,0.8336046952093442
Japan,JPN,2015,0.818995038600432
Japan,JPN,2016,0.8190474479975111
Japan,JPN,2017,0.820153650619294
Japan,JPN,2018,0.812834528842907
Jordan,JOR,2010,0.5543809036038679
Jordan,JOR,2011,0.5697042061740839
Jordan,JOR,2012,0.567122436128908
Jordan,JOR,2013,0.567983968142934
Jordan,JOR,2014,0.566176988355655
Jordan,JOR,2015,0.566808400142664
Jordan,JOR,2016,0.5647683339993891
Jordan,JOR,2017,0.566457859750165
Jordan,JOR,2018,0.5656679585832171
Kazakhstan,KAZ,2010,0.525288853667989
Kazakhstan,KAZ,2011,0.498863306973633
Kazakhstan,KAZ,2012,0.5018986144884561
Kazakhstan,KAZ,2013,0.504999340328244
Kazakhstan,KAZ,2014,0.503240752818482
Kazakhstan,KAZ,2015,0.489177447825383
Kazakhstan,KAZ,2016,0.500459528115972
Kazakhstan,KAZ,2017,0.48563304047208294
Kazakhstan,KAZ,2018,0.463775565959013
Kenya,KEN,2010,0.68357721414113
Kenya,KEN,2011,0.685813418482566
Kenya,KEN,2012,0.683736193983341
Kenya,KEN,2013,0.6927960831402679
Kenya,KEN,2014,0.687989225898491
Kenya,KEN,2015,0.6895496432949639
Kenya,KEN,2016,0.684748017650756
Kenya,KEN,2017,0.641772475532881
Kenya,KEN,2018,0.632387550021605
"Korea, Dem. People’s Rep.",PRK,2010,0.00302236865297756
"Korea, Dem. People’s Rep.",PRK,2011,0.00293709828366495
"Korea, Dem. People’s Rep.",PRK,2012,0.00339280780051743
"Korea, Dem. People’s Rep.",PRK,2013,0.0326701356985324
"Korea, Dem. People’s Rep.",PRK,2014,0.0330304619811283
"Korea, Dem. People’s Rep.",PRK,2015,0.0308641368357976
"Korea, Dem. People’s Rep.",PRK,2016,0.0317862759734516
"Korea, Dem. People’s Rep.",PRK,2017,0.0432794885945218
"Korea, Dem. People’s Rep.",PRK,2018,0.0507460293167051
"Korea, Rep.",KOR,2010,0.761783385282241
"Korea, Rep.",KOR,2011,0.7645972841142142
"Korea, Rep.",KOR,2012,0.7582721892313679
"Korea, Rep.",KOR,2013,0.737000046407073
"Korea, Rep.",KOR,2014,0.729625198774433
"Korea, Rep.",KOR,2015,0.7290097153335949
"Korea, Rep.",KOR,2016,0.7302310598125981
"Korea, Rep.",KOR,2017,0.83999322321272
"Korea, Rep.",KOR,2018,0.85525225186994
Kuwait,KWT,2010,0.541025148826689
Kuwait,KWT,2011,0.545732535648608
Kuwait,KWT,2012,0.538859080590168
Kuwait,KWT,2013,0.5390099327718689
Kuwait,KWT,2014,0.535974882165855
Kuwait,KWT,2015,0.536528450583672
Kuwait,KWT,2016,0.536759131339
Kuwait,KWT,2017,0.54366792303638
Kuwait,KWT,2018,0.537943060553243
Kyrgyz Republic,KGZ,2010,0.57901222253002
Kyrgyz Republic,KGZ,2011,0.644065433365807
Kyrgyz Republic,KGZ,2012,0.613085500723093
Kyrgyz Republic,KGZ,2013,0.6263555180240329
Kyrgyz Republic,KGZ,2014,0.609715674583327
Kyrgyz Republic,KGZ,2015,0.624690024924592
Kyrgyz Republic,KGZ,2016,0.629049113467256
Kyrgyz Republic,KGZ,2017,0.6294676412728111
Kyrgyz Republic,KGZ,2018,0.702893626977611
Lao PDR,LAO,2010,0.21192821061683104
Lao PDR,LAO,2011,0.2138971363753
Lao PDR,LAO,2012,0.216928123151059
Lao PDR,LAO,2013,0.232985717808702
Lao PDR,LAO,2014,0.233171649720534
Lao PDR,LAO,2015,0.220338587593374
Lao PDR,LAO,2016,0.22301209743878497
Lao PDR,LAO,2017,0.216145322009385
Lao PDR,LAO,2018,0.21621545811429999
Latvia,LVA,2010,0.899752244150998
Latvia,LVA,2011,0.9036515827019
Latvia,LVA,2012,0.908518650026418
Latvia,LVA,2013,0.9080450269589599
Latvia,LVA,2014,0.909932769533717
Latvia,LVA,2015,0.9065720052683119
Latvia,LVA,2016,0.892120090668257
Latvia,LVA,2017,0.8709259079898851
Latvia,LVA,2018,0.8810209528051741
Lebanon,LBN,2010,0.65296788413338
Lebanon,LBN,2011,0.665348599913553
Lebanon,LBN,2012,0.664901111478595
Lebanon,LBN,2013,0.648021058301274
Lebanon,LBN,2014,0.651666173907785
Lebanon,LBN,2015,0.642453937826994
Lebanon,LBN,2016,0.644743742688171
Lebanon,LBN,2017,0.6317823662884821
Lebanon,LBN,2018,0.608977855838611
Lesotho,LSO,2010,0.6972072073944711
Lesotho,LSO,2011,0.68687653049044
Lesotho,LSO,2012,0.7028524748574441
Lesotho,LSO,2013,0.717896470841352
Lesotho,LSO,2014,0.711218780295533
Lesotho,LSO,2015,0.7057089971964009
Lesotho,LSO,2016,0.669400962693361
Lesotho,LSO,2017,0.669729058598073
Lesotho,LSO,2018,0.6664678348185661
Liberia,LBR,2010,0.7962049617545691
Liberia,LBR,2011,0.797503962759994
Liberia,LBR,2012,0.80271830072853
Liberia,LBR,2013,0.782932842472463
Liberia,LBR,2014,0.775597605507135
Liberia,LBR,2015,0.776682391276367
Liberia,LBR,2016,0.7841857867350001
Liberia,LBR,2017,0.8141595243487539
Liberia,LBR,2018,0.7691574621884529
Libya,LBY,2010,0.212742307922538
Libya,LBY,2011,0.423267259268096
Libya,LBY,2012,0.575626211135273
Libya,LBY,2013,0.523785446671815
Libya,LBY,2014,0.502932088561885
Libya,LBY,2015,0.5052108930549589
Libya,LBY,2016,0.5030723374163689
Libya,LBY,2017,0.478103393604218
Libya,LBY,2018,0.448782251076559
Lithuania,LTU,2010,0.862726780120555
Lithuania,LTU,2011,0.864922182672019
Lithuania,LTU,2012,0.860995635142687
Lithuania,LTU,2013,0.8429721042109009
Lithuania,LTU,2014,0.817307264500628
Lithuania,LTU,2015,0.826094503344941
Lithuania,LTU,2016,0.8163826964069599
Lithuania,LTU,2017,0.7665667236903021
Lithuania,LTU,2018,0.7821164563428199
"Macedonia, FYR",MKD,2010,0.6972550624990229
"Macedonia, FYR",MKD,2011,0.674155854289638
"Macedonia, FYR",MKD,2012,0.6557124175868649
"Macedonia, FYR",MKD,2013,0.621657193076476
"Macedonia, FYR",MKD,2014,0.6214606344820811
"Macedonia, FYR",MKD,2015,0.614791165018157
"Macedonia, FYR",MKD,2016,0.609348388407537
"Macedonia, FYR",MKD,2017,0.689146343175191
"Macedonia, FYR",MKD,2018,0.70371022330537
Madagascar,MDG,2010,0.6049177157284878
Madagascar,MDG,2011,0.602756832378843
Madagascar,MDG,2012,0.591337959825021
Madagascar,MDG,2013,0.613894529918654
Madagascar,MDG,2014,0.638217464852364
Madagascar,MDG,2015,0.6562079246138001
Madagascar,MDG,2016,0.6653995379238161
Madagascar,MDG,2017,0.650673922020563
Madagascar,MDG,2018,0.652204631416551
Malawi,MWI,2010,0.663096794200793
Malawi,MWI,2011,0.657158603984623
Malawi,MWI,2012,0.681172687818965
Malawi,MWI,2013,0.7453309918508759
Malawi,MWI,2014,0.744133423114399
Malawi,MWI,2015,0.7606433407636809
Malawi,MWI,2016,0.746438852702245
Malawi,MWI,2017,0.724258116841145
Malawi,MWI,2018,0.737151318985008
Malaysia,MYS,2010,0.545756264680441
Malaysia,MYS,2011,0.541698530170985
Malaysia,MYS,2012,0.5451569431392371
Malaysia,MYS,2013,0.5403366332179961
Malaysia,MYS,2014,0.5414729408811491
Malaysia,MYS,2015,0.5407241918343679
Malaysia,MYS,2016,0.542131725134012
Malaysia,MYS,2017,0.545218974938989
Malaysia,MYS,2018,0.631766905049237
Mali,MLI,2010,0.740776699323902
Mali,MLI,2011,0.7421910290293171
Mali,MLI,2012,0.7147921482782359
Mali,MLI,2013,0.648213553065414
Mali,MLI,2014,0.641705609176446
Mali,MLI,2015,0.6384900217435939
Mali,MLI,2016,0.6543365541367939
Mali,MLI,2017,0.593609173830549
Mali,MLI,2018,0.5946602811904289
Mauritania,MRT,2010,0.7013777482265179
Mauritania,MRT,2011,0.703555657623609
Mauritania,MRT,2012,0.705392018436524
Mauritania,MRT,2013,0.6250216941972869
Mauritania,MRT,2014,0.621105259532899
Mauritania,MRT,2015,0.60890019931219
Mauritania,MRT,2016,0.609939278668729
Mauritania,MRT,2017,0.5363508565304671
Mauritania,MRT,2018,0.5614935874743779
Mauritius,MUS,2010,0.7971095143164649
Mauritius,MUS,2011,0.7994824875657891
Mauritius,MUS,2012,0.7981991579977271
Mauritius,MUS,2013,0.7615192596710229
Mauritius,MUS,2014,0.758373387946852
Mauritius,MUS,2015,0.7837772783730028
Mauritius,MUS,2016,0.7944162224927449
Mauritius,MUS,2017,0.8103818671520341
Mauritius,MUS,2018,0.816350209120267
Mexico,MEX,2010,0.694237995509654
Mexico,MEX,2011,0.691542344795958
Mexico,MEX,2012,0.697749798799531
Mexico,MEX,2013,0.6885978895782121
Mexico,MEX,2014,0.687102213201661
Mexico,MEX,2015,0.700591280295475
Mexico,MEX,2016,0.704929816133401
Mexico,MEX,2017,0.7122626241427159
Mexico,MEX,2018,0.762707743177792
Moldova,MDA,2010,0.712345979373633
Moldova,MDA,2011,0.71684160327072
Moldova,MDA,2012,0.714094267175679
Moldova,MDA,2013,0.6835241274390079
Moldova,MDA,2014,0.7001970654054089
Moldova,MDA,2015,0.6775256570740581
Moldova,MDA,2016,0.655518334659178
Moldova,MDA,2017,0.6642248107160121
Moldova,MDA,2018,0.686869804150708
Mongolia,MNG,2010,0.8129956573769771
Mongolia,MNG,2011,0.8134378441483259
Mongolia,MNG,2012,0.8173969256750441
Mongolia,MNG,2013,0.79716825301239
Mongolia,MNG,2014,0.7889602501114692
Mongolia,MNG,2015,0.793502818254604
Mongolia,MNG,2016,0.8067686783039041
Mongolia,MNG,2017,0.80071997058908
Mongolia,MNG,2018,0.8038883568670758
Morocco,MAR,2010,0.56579227909153
Morocco,MAR,2011,0.583041697070462
Morocco,MAR,2012,0.5853155969408139
Morocco,MAR,2013,0.5976292595217819
Morocco,MAR,2014,0.5999787606480821
Morocco,MAR,2015,0.601110257109899
Morocco,MAR,2016,0.6039885699869461
Morocco,MAR,2017,0.5843313559373691
Morocco,MAR,2018,0.599455297271635
Mozambique,MOZ,2010,0.641717146717515
Mozambique,MOZ,2011,0.644425058988014
Mozambique,MOZ,2012,0.637844363195347
Mozambique,MOZ,2013,0.671803714009207
Mozambique,MOZ,2014,0.6550498497679029
Mozambique,MOZ,2015,0.681517576217662
Mozambique,MOZ,2016,0.663417159485883
Mozambique,MOZ,2017,0.6699820670644571
Mozambique,MOZ,2018,0.63989136587647
Myanmar,MMR,2010,0.35978686751766203
Myanmar,MMR,2011,0.447710380813826
Myanmar,MMR,2012,0.46877414723850197
Myanmar,MMR,2013,0.489920264614205
Myanmar,MMR,2014,0.49667484096001796
Myanmar,MMR,2015,0.5189410807438929
Myanmar,MMR,2016,0.52106207316207
Myanmar,MMR,2017,0.522473903845432
Myanmar,MMR,2018,0.518719181598771
Namibia,NAM,2010,0.7933185912830509
Namibia,NAM,2011,0.7934121761556441
Namibia,NAM,2012,0.781003644158037
Namibia,NAM,2013,0.816024355328799
Namibia,NAM,2014,0.8177069211863799
Namibia,NAM,2015,0.8120957992396851
Namibia,NAM,2016,0.8065510064764609
Namibia,NAM,2017,0.7751731454436209
Namibia,NAM,2018,0.778403540166022
Nepal,NPL,2010,0.755670824050654
Nepal,NPL,2011,0.762760876590607
Nepal,NPL,2012,0.7403122081968442
Nepal,NPL,2013,0.704596979093392
Nepal,NPL,2014,0.69
Nepal,NPL,2015,0.6924566832479511
Nepal,NPL,2016,0.713431349026522
Nepal,NPL,2017,0.704458645377303
Nepal,NPL,2018,0.685959693016394
Netherlands,NLD,2010,0.8918775220416659
Netherlands,NLD,2011,0.8915957864993441
Netherlands,NLD,2012,0.89916611838045
Netherlands,NLD,2013,0.866689014619022
Netherlands,NLD,2014,0.867943547045106
Netherlands,NLD,2015,0.8624791433838191
Netherlands,NLD,2016,0.8639330136905071
Netherlands,NLD,2017,0.8684811871167522
Netherlands,NLD,2018,0.8693227970203901
New Zealand,NZL,2010,0.9252244723204001
New Zealand,NZL,2011,0.9233752894223709
New Zealand,NZL,2012,0.92544209743715
New Zealand,NZL,2013,0.906399572746637
New Zealand,NZL,2014,0.904351168744736
New Zealand,NZL,2015,0.9073356783813741
New Zealand,NZL,2016,0.906510931037758
New Zealand,NZL,2017,0.902212169354567
New Zealand,NZL,2018,0.8843129822864408
Nicaragua,NIC,2010,0.616106304567869
Nicaragua,NIC,2011,0.615475009557592
Nicaragua,NIC,2012,0.61191240838953
Nicaragua,NIC,2013,0.5753438216432549
Nicaragua,NIC,2014,0.57635753709372
Nicaragua,NIC,2015,0.5712751334763879
Nicaragua,NIC,2016,0.5516929835097939
Nicaragua,NIC,2017,0.507592647914488
Nicaragua,NIC,2018,0.282758669977489
Niger,NER,2010,0.716142998152429
Niger,NER,2011,0.71580240713745
Niger,NER,2012,0.7141506936923209
Niger,NER,2013,0.7671046206707571
Niger,NER,2014,0.758017522535398
Niger,NER,2015,0.7572845149920191
Niger,NER,2016,0.762354843895318
Niger,NER,2017,0.722386232546521
Niger,NER,2018,0.7194279976744621
Nigeria,NGA,2010,0.701319546703558
Nigeria,NGA,2011,0.6994275534557751
Nigeria,NGA,2012,0.693725555856658
Nigeria,NGA,2013,0.6960385292213571
Nigeria,NGA,2014,0.697572064614247
Nigeria,NGA,2015,0.701394680852579
Nigeria,NGA,2016,0.715463007245132
Nigeria,NGA,2017,0.710582977703422
Nigeria,NGA,2018,0.709816245039996
Norway,NOR,2010,0.9723661644652191
Norway,NOR,2011,0.975274629094329
Norway,NOR,2012,0.976193942235082
Norway,NOR,2013,0.947882077642093
Norway,NOR,2014,0.9466176892598729
Norway,NOR,2015,0.945072312706413
Norway,NOR,2016,0.9397964801110891
Norway,NOR,2017,0.933659652674705
Norway,NOR,2018,0.9330884743257829
Oman,OMN,2010,0.3548164994964939
Oman,OMN,2011,0.37753321719965205
Oman,OMN,2012,0.383961659489841
Oman,OMN,2013,0.38363821129904097
Oman,OMN,2014,0.38527355264641905
Oman,OMN,2015,0.38832808161124105
Oman,OMN,2016,0.395503988404164
Oman,OMN,2017,0.404939968702435
Oman,OMN,2018,0.4174476675003979
Pakistan,PAK,2010,0.624619304936019
Pakistan,PAK,2011,0.62464361785151
Pakistan,PAK,2012,0.61903700348665
Pakistan,PAK,2013,0.6284948443890501
Pakistan,PAK,2014,0.624349597397037
Pakistan,PAK,2015,0.585518157859206
Pakistan,PAK,2016,0.544648123564916
Pakistan,PAK,2017,0.49600883990515
Pakistan,PAK,2018,0.48287813724484296
Panama,PAN,2010,0.819061461205287
Panama,PAN,2011,0.818829425839874
Panama,PAN,2012,0.810617382464045
Panama,PAN,2013,0.7937045150251829
Panama,PAN,2014,0.7935510470446969
Panama,PAN,2015,0.8060327513422378
Panama,PAN,2016,0.8144913804642199
Panama,PAN,2017,0.769447885919597
Panama,PAN,2018,0.7586626906213729
Papua New Guinea,PNG,2010,0.7145232815317201
Papua New Guinea,PNG,2011,0.70922374325991
Papua New Guinea,PNG,2012,0.7090499094174569
Papua New Guinea,PNG,2013,0.707463357388484
Papua New Guinea,PNG,2014,0.70940250508043
Papua New Guinea,PNG,2015,0.7059572878828331
Papua New Guinea,PNG,2016,0.704771420174848
Papua New Guinea,PNG,2017,0.6884963638878789
Papua New Guinea,PNG,2018,0.7019311298015639
Paraguay,PRY,2010,0.768127304574198
Paraguay,PRY,2011,0.762425960924777
Paraguay,PRY,2012,0.743134538308829
Paraguay,PRY,2013,0.71230354270942
Paraguay,PRY,2014,0.72230724476536
Paraguay,PRY,2015,0.7167162551271701
Paraguay,PRY,2016,0.705079593969173
Paraguay,PRY,2017,0.71654499037281
Paraguay,PRY,2018,0.7215470282435501
Peru,PER,2010,0.739195962776156
Peru,PER,2011,0.728549568300947
Peru,PER,2012,0.741537359597292
Peru,PER,2013,0.7629227524957579
Peru,PER,2014,0.7663102586326671
Peru,PER,2015,0.755653447673012
Peru,PER,2016,0.755794210345115
Peru,PER,2017,0.779535480379419
Peru,PER,2018,0.78664872477824
Philippines,PHL,2010,0.7658930854371971
Philippines,PHL,2011,0.7746991253352751
Philippines,PHL,2012,0.771598539627565
Philippines,PHL,2013,0.7549123358244691
Philippines,PHL,2014,0.754297856663522
Philippines,PHL,2015,0.751525180017754
Philippines,PHL,2016,0.6690557940305091
Philippines,PHL,2017,0.659657672748578
Philippines,PHL,2018,0.614682702789976
Poland,POL,2010,0.9190902373274531
Poland,POL,2011,0.9193239309224529
Poland,POL,2012,0.912012119369455
Poland,POL,2013,0.8875085541875211
Poland,POL,2014,0.889170100233439
Poland,POL,2015,0.8870208011355559
Poland,POL,2016,0.70929397278621
Poland,POL,2017,0.6778749829885501
Poland,POL,2018,0.679571375211135
Portugal,PRT,2010,0.96377492368699
Portugal,PRT,2011,0.964656401166749
Portugal,PRT,2012,0.966239706802588
Portugal,PRT,2013,0.91860858002087
Portugal,PRT,2014,0.920741413599617
Portugal,PRT,2015,0.9243680551272121
Portugal,PRT,2016,0.921181077993567
Portugal,PRT,2017,0.938770059352241
Portugal,PRT,2018,0.9335083800967701
Qatar,QAT,2010,0.373409013374649
Qatar,QAT,2011,0.38005905119045796
Qatar,QAT,2012,0.380760762569807
Qatar,QAT,2013,0.368291132986299
Qatar,QAT,2014,0.365348009023291
Qatar,QAT,2015,0.367215175537965
Qatar,QAT,2016,0.353478074666528
Qatar,QAT,2017,0.359874380000219
Qatar,QAT,2018,0.373703454225355
Romania,ROU,2010,0.841854200560626
Romania,ROU,2011,0.8393314494755308
Romania,ROU,2012,0.8369053428133929
Romania,ROU,2013,0.822078411417924
Romania,ROU,2014,0.819799606924851
Romania,ROU,2015,0.825779136103958
Romania,ROU,2016,0.834579780917043
Romania,ROU,2017,0.726525710767999
Romania,ROU,2018,0.707955664732976
Russian Federation,RUS,2010,0.5486440831834289
Russian Federation,RUS,2011,0.5430420231110961
Russian Federation,RUS,2012,0.5076655633056121
Russian Federation,RUS,2013,0.504978881044892
Russian Federation,RUS,2014,0.491288724419502
Russian Federation,RUS,2015,0.483624340558878
Russian Federation,RUS,2016,0.470807697240162
Russian Federation,RUS,2017,0.4736962864695779
Russian Federation,RUS,2018,0.4791772957820779
Rwanda,RWA,2010,0.42560734818984003
Rwanda,RWA,2011,0.429218364990766
Rwanda,RWA,2012,0.44505793749077
Rwanda,RWA,2013,0.522810150766001
Rwanda,RWA,2014,0.528694506908967
Rwanda,RWA,2015,0.52942686050265
Rwanda,RWA,2016,0.485560171791651
Rwanda,RWA,2017,0.44098824504401296
Rwanda,RWA,2018,0.47215936455147495
Saudi Arabia,SAU,2010,0.271228135513044
Saudi Arabia,SAU,2011,0.271573327531243
Saudi Arabia,SAU,2012,0.27368236201211804
Saudi Arabia,SAU,2013,0.28647614044681396
Saudi Arabia,SAU,2014,0.29399789320763203
Saudi Arabia,SAU,2015,0.283903338854615
Saudi Arabia,SAU,2016,0.28390885071634003
Saudi Arabia,SAU,2017,0.277732903074916
Saudi Arabia,SAU,2018,0.268369347705497
Senegal,SEN,2010,0.7622969226365129
Senegal,SEN,2011,0.761766873052412
Senegal,SEN,2012,0.7509363216716899
Senegal,SEN,2013,0.8066351557891519
Senegal,SEN,2014,0.8126810375070749
Senegal,SEN,2015,0.8170199703858879
Senegal,SEN,2016,0.8096357339040379
Senegal,SEN,2017,0.801689287526244
Senegal,SEN,2018,0.792426136790535
Serbia,SRB,2010,0.735364284663462
Serbia,SRB,2011,0.728802833676139
Serbia,SRB,2012,0.7242509934605259
Serbia,SRB,2013,0.671904025221532
Serbia,SRB,2014,0.6452076265762261
Serbia,SRB,2015,0.638423996179626
Serbia,SRB,2016,0.633526123153348
Serbia,SRB,2017,0.625859637311558
Serbia,SRB,2018,0.5711139115209329
Sierra Leone,SLE,2010,0.759829663854208
Sierra Leone,SLE,2011,0.75914729070159
Sierra Leone,SLE,2012,0.7463017801748559
Sierra Leone,SLE,2013,0.760148534397135
Sierra Leone,SLE,2014,0.7595417858558109
Sierra Leone,SLE,2015,0.751042728629397
Sierra Leone,SLE,2016,0.752846952485813
Sierra Leone,SLE,2017,0.779784495081586
Sierra Leone,SLE,2018,0.783237302766728
Singapore,SGP,2010,0.5373415669648339
Singapore,SGP,2011,0.535331629218276
Singapore,SGP,2012,0.5361579880807861
Singapore,SGP,2013,0.535258970735961
Singapore,SGP,2014,0.5335746298720629
Singapore,SGP,2015,0.5345963795616521
Singapore,SGP,2016,0.534139548988178
Singapore,SGP,2017,0.541068029242482
Singapore,SGP,2018,0.5398039911904571
Slovak Republic,SVK,2010,0.8915043269632641
Slovak Republic,SVK,2011,0.895789425768874
Slovak Republic,SVK,2012,0.883445891699998
Slovak Republic,SVK,2013,0.8438107246302141
Slovak Republic,SVK,2014,0.843816516756095
Slovak Republic,SVK,2015,0.8382647173889829
Slovak Republic,SVK,2016,0.8429656347799781
Slovak Republic,SVK,2017,0.831042146614167
Slovak Republic,SVK,2018,0.7574249973999659
Slovenia,SVN,2010,0.891378932109021
Slovenia,SVN,2011,0.884465189078227
Slovenia,SVN,2012,0.8708555616868531
Slovenia,SVN,2013,0.8539819545851091
Slovenia,SVN,2014,0.8707168776405699
Slovenia,SVN,2015,0.8791872545017371
Slovenia,SVN,2016,0.845818256776104
Slovenia,SVN,2017,0.8325562503589431
Slovenia,SVN,2018,0.828898172535238
Somalia,SOM,2010,0.5133605309454949
Somalia,SOM,2011,0.512559349146289
Somalia,SOM,2012,0.507599911427185
Somalia,SOM,2013,0.48081543977101093
Somalia,SOM,2014,0.480620048943931
Somalia,SOM,2015,0.482418807649315
Somalia,SOM,2016,0.47422731697822296
Somalia,SOM,2017,0.47869061707604205
Somalia,SOM,2018,0.453126976081253
South Africa,ZAF,2010,0.8025940269309101
South Africa,ZAF,2011,0.8024763159855971
South Africa,ZAF,2012,0.798043985076961
South Africa,ZAF,2013,0.7794179796322229
South Africa,ZAF,2014,0.7799635371662621
South Africa,ZAF,2015,0.7378846301478891
South Africa,ZAF,2016,0.7481360857172971
South Africa,ZAF,2017,0.73665513465303
South Africa,ZAF,2018,0.73619405340653
South Sudan,SSD,2010,
South Sudan,SSD,2011,0.44974215580916704
South Sudan,SSD,2012,0.43598106899708794
South Sudan,SSD,2013,0.349851876890513
South Sudan,SSD,2014,0.309340580715271
South Sudan,SSD,2015,0.30687796964687797
South Sudan,SSD,2016,0.256555979997454
South Sudan,SSD,2017,0.251501322531517
South Sudan,SSD,2018,0.249068816504495
Spain,ESP,2010,0.9457821751016171
Spain,ESP,2011,0.9502091109252601
Spain,ESP,2012,0.941826877140999
Spain,ESP,2013,0.891288593629563
Spain,ESP,2014,0.891099298547865
Spain,ESP,2015,0.8482559944006959
Spain,ESP,2016,0.845930666057808
Spain,ESP,2017,0.8337146521796879
Spain,ESP,2018,0.840456663349195
Sri Lanka,LKA,2010,0.522199758790655
Sri Lanka,LKA,2011,0.523759709080201
Sri Lanka,LKA,2012,0.539618689872975
Sri Lanka,LKA,2013,0.530482195180209
Sri Lanka,LKA,2014,0.528976639492176
Sri Lanka,LKA,2015,0.6542516574530209
Sri Lanka,LKA,2016,0.691032731139863
Sri Lanka,LKA,2017,0.698027797486446
Sri Lanka,LKA,2018,0.7369004825658299
Sudan,SDN,2010,0.363170800286589
Sudan,SDN,2011,0.348352440303209
Sudan,SDN,2012,0.33922514761688205
Sudan,SDN,2013,0.348562591709146
Sudan,SDN,2014,0.34719469243216
Sudan,SDN,2015,0.348125099362401
Sudan,SDN,2016,0.34436316031373604
Sudan,SDN,2017,0.35182456285973496
Sudan,SDN,2018,0.322667912036012
Swaziland,SWZ,2010,0.391355051267438
Swaziland,SWZ,2011,0.39202135594180704
Swaziland,SWZ,2012,0.39307435508473604
Swaziland,SWZ,2013,0.416698241148575
Swaziland,SWZ,2014,0.40907031498351293
Swaziland,SWZ,2015,0.40941134975007104
Swaziland,SWZ,2016,0.4153245263903621
Swaziland,SWZ,2017,0.42805643651272995
Swaziland,SWZ,2018,0.46901090038386606
Sweden,SWE,2010,0.940155521849639
Sweden,SWE,2011,0.941646924197818
Sweden,SWE,2012,0.9452341652562181
Sweden,SWE,2013,0.9290382368824871
Sweden,SWE,2014,0.9303714301148829
Sweden,SWE,2015,0.923283316068672
Sweden,SWE,2016,0.9249334880609459
Sweden,SWE,2017,0.9026733206671059
Sweden,SWE,2018,0.8704423589002521
Switzerland,CHE,2010,0.9646270201411129
Switzerland,CHE,2011,0.96344958371314
Switzerland,CHE,2012,0.9657729969176321
Switzerland,CHE,2013,0.940818369932757
Switzerland,CHE,2014,0.9412207591940249
Switzerland,CHE,2015,0.9360040156248199
Switzerland,CHE,2016,0.9364283589116031
Switzerland,CHE,2017,0.9375459822977221
Switzerland,CHE,2018,0.9355228721358549
Syrian Arab Republic,SYR,2010,0.256502449543752
Syrian Arab Republic,SYR,2011,0.25929012032184
Syrian Arab Republic,SYR,2012,0.229207149753476
Syrian Arab Republic,SYR,2013,0.188589750240029
Syrian Arab Republic,SYR,2014,0.18365457872572302
Syrian Arab Republic,SYR,2015,0.17998400579175197
Syrian Arab Republic,SYR,2016,0.19836064620412902
Syrian Arab Republic,SYR,2017,0.21643558225310397
Syrian Arab Republic,SYR,2018,0.22988735085888895
Tajikistan,TJK,2010,0.442334774179142
Tajikistan,TJK,2011,0.443264176829493
Tajikistan,TJK,2012,0.426987485668284
Tajikistan,TJK,2013,0.425661882923433
Tajikistan,TJK,2014,0.406696384164991
Tajikistan,TJK,2015,0.366104021582769
Tajikistan,TJK,2016,0.324264833838739
Tajikistan,TJK,2017,0.33313096704282696
Tajikistan,TJK,2018,0.31159145221417894
Tanzania,TZA,2010,0.685779740073213
Tanzania,TZA,2011,0.688604172166364
Tanzania,TZA,2012,0.686302829764119
Tanzania,TZA,2013,0.678691415828885
Tanzania,TZA,2014,0.6793343184462701
Tanzania,TZA,2015,0.663271492191058
Tanzania,TZA,2016,0.6057513614590401
Tanzania,TZA,2017,0.60727368628571
Tanzania,TZA,2018,0.595164219497375
Thailand,THA,2010,0.553514653809891
Thailand,THA,2011,0.599568033528188
Thailand,THA,2012,0.6226000951169829
Thailand,THA,2013,0.556371713321812
Thailand,THA,2014,0.35159586730884196
Thailand,THA,2015,0.35318132163654
Thailand,THA,2016,0.36063933765732703
Thailand,THA,2017,0.33873157908368995
Thailand,THA,2018,0.3721693816595
Timor-Leste,TLS,2010,0.7523286272855508
Timor-Leste,TLS,2011,0.771477652355157
Timor-Leste,TLS,2012,0.749311303387373
Timor-Leste,TLS,2013,0.7490511014743321
Timor-Leste,TLS,2014,0.706478906186922
Timor-Leste,TLS,2015,0.718235310205359
Timor-Leste,TLS,2016,0.7151439732147808
Timor-Leste,TLS,2017,0.7257070825251121
Timor-Leste,TLS,2018,0.7593316344498741
Togo,TGO,2010,0.642291594814917
Togo,TGO,2011,0.6276284311076489
Togo,TGO,2012,0.621607609676297
Togo,TGO,2013,0.66886096373174
Togo,TGO,2014,0.664767215278302
Togo,TGO,2015,0.673521079332763
Togo,TGO,2016,0.676710392001037
Togo,TGO,2017,0.5868357497202789
Togo,TGO,2018,0.560581140805436
Trinidad and Tobago,TTO,2010,0.80229923575001
Trinidad and Tobago,TTO,2011,0.794561282548565
Trinidad and Tobago,TTO,2012,0.792916365509208
Trinidad and Tobago,TTO,2013,0.7989805111079309
Trinidad and Tobago,TTO,2014,0.8121736893195699
Trinidad and Tobago,TTO,2015,0.815286139543196
Trinidad and Tobago,TTO,2016,0.811074096260788
Trinidad and Tobago,TTO,2017,0.80385292680675
Trinidad and Tobago,TTO,2018,0.81129436053167
Tunisia,TUN,2010,0.357364614487662
Tunisia,TUN,2011,0.712565379496701
Tunisia,TUN,2012,0.7172226223901309
Tunisia,TUN,2013,0.7091401544755301
Tunisia,TUN,2014,0.69252843087176
Tunisia,TUN,2015,0.6948544832303829
Tunisia,TUN,2016,0.7252978501473799
Tunisia,TUN,2017,0.7208650521318192
Tunisia,TUN,2018,0.7134938479332
Turkey,TUR,2010,0.5710689524793211
Turkey,TUR,2011,0.5688694160315629
Turkey,TUR,2012,0.5868022347983499
Turkey,TUR,2013,0.5179686341903259
Turkey,TUR,2014,0.48714172577651793
Turkey,TUR,2015,0.465167894928221
Turkey,TUR,2016,0.39025382333441494
Turkey,TUR,2017,0.322488659753219
Turkey,TUR,2018,0.35326591470081004
Turkmenistan,TKM,2010,0.167092415166785
Turkmenistan,TKM,2011,0.15646795136174402
Turkmenistan,TKM,2012,0.154868717379734
Turkmenistan,TKM,2013,0.203397530251538
Turkmenistan,TKM,2014,0.202472424984905
Turkmenistan,TKM,2015,0.20050637193402998
Turkmenistan,TKM,2016,0.194790127573675
Turkmenistan,TKM,2017,0.218536278875353
Turkmenistan,TKM,2018,0.22834003581168696
Uganda,UGA,2010,0.6089967269584151
Uganda,UGA,2011,0.6054707236179929
Uganda,UGA,2012,0.600810701438355
Uganda,UGA,2013,0.592228826153989
Uganda,UGA,2014,0.592843632289785
Uganda,UGA,2015,0.5916692554121751
Uganda,UGA,2016,0.54821726422994
Uganda,UGA,2017,0.566569521660788
Uganda,UGA,2018,0.5378194173499721
Ukraine,UKR,2010,0.7244323010137929
Ukraine,UKR,2011,0.7164904556392171
Ukraine,UKR,2012,0.661182356465223
Ukraine,UKR,2013,0.716346656772096
Ukraine,UKR,2014,0.578810806023596
Ukraine,UKR,2015,0.5721760659596079
Ukraine,UKR,2016,0.5759162378255289
Ukraine,UKR,2017,0.584392570300001
Ukraine,UKR,2018,0.575288866513429
United Arab Emirates,ARE,2010,0.44953319552589094
United Arab Emirates,ARE,2011,0.410594765146695
United Arab Emirates,ARE,2012,0.406919100747233
United Arab Emirates,ARE,2013,0.411491937419163
United Arab Emirates,ARE,2014,0.428304843975894
United Arab Emirates,ARE,2015,0.435138711722368
United Arab Emirates,ARE,2016,0.42554230355041706
United Arab Emirates,ARE,2017,0.397272735489563
United Arab Emirates,ARE,2018,0.39839178355180604
United Kingdom,GBR,2010,0.9175200340408841
United Kingdom,GBR,2011,0.9177667832744609
United Kingdom,GBR,2012,0.98929818328804
United Kingdom,GBR,2013,0.8623367224821299
United Kingdom,GBR,2014,0.8552271448726758
United Kingdom,GBR,2015,0.857236708933693
United Kingdom,GBR,2016,0.857034171370648
United Kingdom,GBR,2017,0.880118829199293
United Kingdom,GBR,2018,0.8790541990939109
United States,USA,2010,0.974125966452988
United States,USA,2011,0.981008997203407
United States,USA,2012,0.982606993352064
United States,USA,2013,0.9433252860930659
United States,USA,2014,0.946165669887735
United States,USA,2015,0.9310848425227242
United States,USA,2016,0.910863269885343
United States,USA,2017,0.872385710554531
United States,USA,2018,0.866967550478903
Uruguay,URY,2010,0.959503697957077
Uruguay,URY,2011,0.9600180994591629
Uruguay,URY,2012,0.9599478232221691
Uruguay,URY,2013,0.9278430971020241
Uruguay,URY,2014,0.923062257716017
Uruguay,URY,2015,0.8787236975885301
Uruguay,URY,2016,0.8770336580201361
Uruguay,URY,2017,0.860239085410244
Uruguay,URY,2018,0.8729007660063121
Uzbekistan,UZB,2010,0.244557217550543
Uzbekistan,UZB,2011,0.251287527691558
Uzbekistan,UZB,2012,0.265552155769697
Uzbekistan,UZB,2013,0.295301331728852
Uzbekistan,UZB,2014,0.288188741279727
Uzbekistan,UZB,2015,0.274160772925567
Uzbekistan,UZB,2016,0.309494445736644
Uzbekistan,UZB,2017,0.36716942241457895
Uzbekistan,UZB,2018,0.386517388323901
"Venezuela, RB",VEN,2010,0.5653411238672039
"Venezuela, RB",VEN,2011,0.5686187898105021
"Venezuela, RB",VEN,2012,0.565578928003151
"Venezuela, RB",VEN,2013,0.526379034522215
"Venezuela, RB",VEN,2014,0.507786824263561
"Venezuela, RB",VEN,2015,0.496348286508161
"Venezuela, RB",VEN,2016,0.48344469123519895
"Venezuela, RB",VEN,2017,0.451299630432007
"Venezuela, RB",VEN,2018,0.42878131639559997
Vietnam,VNM,2010,0.436213641535466
Vietnam,VNM,2011,0.43515702231386105
Vietnam,VNM,2012,0.437519275459237
Vietnam,VNM,2013,0.49334390147182794
Vietnam,VNM,2014,0.49473891630586
Vietnam,VNM,2015,0.49809921346433794
Vietnam,VNM,2016,0.49599688196784897
Vietnam,VNM,2017,0.4684105745627721
Vietnam,VNM,2018,0.40331882740560293
"Yemen, Rep.",YEM,2010,0.492681263586827
"Yemen, Rep.",YEM,2011,0.47738900027183295
"Yemen, Rep.",YEM,2012,0.6006461163130339
"Yemen, Rep.",YEM,2013,0.557008636970546
"Yemen, Rep.",YEM,2014,0.46790785073383295
"Yemen, Rep.",YEM,2015,0.275871365198698
"Yemen, Rep.",YEM,2016,0.274421979118499
"Yemen, Rep.",YEM,2017,0.261776483777412
"Yemen, Rep.",YEM,2018,0.260616703991235
Zambia,ZMB,2010,0.6938710596640579
Zambia,ZMB,2011,0.672895179407479
Zambia,ZMB,2012,0.6762307198988878
Zambia,ZMB,2013,0.6522267255741441
Zambia,ZMB,2014,0.648638340103776
Zambia,ZMB,2015,0.644899452781901
Zambia,ZMB,2016,0.6188861279496021
Zambia,ZMB,2017,0.599918947606228
Zambia,ZMB,2018,0.607048213772606
Zimbabwe,ZWE,2010,0.45626953134625003
Zimbabwe,ZWE,2011,0.46719406464045204
Zimbabwe,ZWE,2012,0.468802500628901
Zimbabwe,ZWE,2013,0.46532467936788
Zimbabwe,ZWE,2014,0.46381022529290994
Zimbabwe,ZWE,2015,0.457305294243615
Zimbabwe,ZWE,2016,0.407480633338136
Zimbabwe,ZWE,2017,0.44720490105402394
Zimbabwe,ZWE,2018,0.48417405534455704
