﻿"Data Source","World Development Indicators",

"Last Updated Date","2021-02-17",

"Country Name","Country Code","Indicator Name","Indicator Code","2010","2011","2012","2013","2014","2015","2016","2017","2018","2019","2020",
"Aruba","ABW","CPIA business regulatory environment rating (1=low to 6=high)","IQ.CPA.BREG.XQ","","","","","","","","","","","",
"Afghanistan","AFG","CPIA business regulatory environment rating (1=low to 6=high)","IQ.CPA.BREG.XQ","2.5","2.5","2.5","2.5","2.5","2.5","2.5","2","2","2","",
"Angola","AGO","CPIA business regulatory environment rating (1=low to 6=high)","IQ.CPA.BREG.XQ","2","2","2","2","","","","","","","",
"Albania","ALB","CPIA business regulatory environment rating (1=low to 6=high)","IQ.CPA.BREG.XQ","","","","","","","","","","","",
"Andorra","AND","CPIA business regulatory environment rating (1=low to 6=high)","IQ.CPA.BREG.XQ","","","","","","","","","","","",
"Arab World","ARB","CPIA business regulatory environment rating (1=low to 6=high)","IQ.CPA.BREG.XQ","3","2.9","2.9","3","3","2.8","2.8","2.58333333333333","2.9","2.41666666666667","",
"United Arab Emirates","ARE","CPIA business regulatory environment rating (1=low to 6=high)","IQ.CPA.BREG.XQ","","","","","","","","","","","",
"Argentina","ARG","CPIA business regulatory environment rating (1=low to 6=high)","IQ.CPA.BREG.XQ","","","","","","","","","","","",
"Armenia","ARM","CPIA business regulatory environment rating (1=low to 6=high)","IQ.CPA.BREG.XQ","4","4","4","4.5","","","","","","","",
"American Samoa","ASM","CPIA business regulatory environment rating (1=low to 6=high)","IQ.CPA.BREG.XQ","","","","","","","","","","","",
"Antigua and Barbuda","ATG","CPIA business regulatory environment rating (1=low to 6=high)","IQ.CPA.BREG.XQ","","","","","","","","","","","",
"Australia","AUS","CPIA business regulatory environment rating (1=low to 6=high)","IQ.CPA.BREG.XQ","","","","","","","","","","","",
"Austria","AUT","CPIA business regulatory environment rating (1=low to 6=high)","IQ.CPA.BREG.XQ","","","","","","","","","","","",
"Azerbaijan","AZE","CPIA business regulatory environment rating (1=low to 6=high)","IQ.CPA.BREG.XQ","4","","","","","","","","","","",
"Burundi","BDI","CPIA business regulatory environment rating (1=low to 6=high)","IQ.CPA.BREG.XQ","2.5","3","3","3","3","3","3","3","3","3","",
"Belgium","BEL","CPIA business regulatory environment rating (1=low to 6=high)","IQ.CPA.BREG.XQ","","","","","","","","","","","",
"Benin","BEN","CPIA business regulatory environment rating (1=low to 6=high)","IQ.CPA.BREG.XQ","3.5","3.5","3.5","3.5","3.5","3.5","3","3.5","3.5","3.5","",
"Burkina Faso","BFA","CPIA business regulatory environment rating (1=low to 6=high)","IQ.CPA.BREG.XQ","3.5","3.5","3.5","3.5","3.5","3.5","3.5","3.5","3.5","3.5","",
"Bangladesh","BGD","CPIA business regulatory environment rating (1=low to 6=high)","IQ.CPA.BREG.XQ","3.5","3.5","3.5","3.5","3.5","3","3","3","3","3","",
"Bulgaria","BGR","CPIA business regulatory environment rating (1=low to 6=high)","IQ.CPA.BREG.XQ","","","","","","","","","","","",
"Bahrain","BHR","CPIA business regulatory environment rating (1=low to 6=high)","IQ.CPA.BREG.XQ","","","","","","","","","","","",
"Bahamas, The","BHS","CPIA business regulatory environment rating (1=low to 6=high)","IQ.CPA.BREG.XQ","","","","","","","","","","","",
"Bosnia and Herzegovina","BIH","CPIA business regulatory environment rating (1=low to 6=high)","IQ.CPA.BREG.XQ","4","3.5","3.5","3.5","","","","","","","",
"Belarus","BLR","CPIA business regulatory environment rating (1=low to 6=high)","IQ.CPA.BREG.XQ","","","","","","","","","","","",
"Belize","BLZ","CPIA business regulatory environment rating (1=low to 6=high)","IQ.CPA.BREG.XQ","","","","","","","","","","","",
"Bermuda","BMU","CPIA business regulatory environment rating (1=low to 6=high)","IQ.CPA.BREG.XQ","","","","","","","","","","","",
"Bolivia","BOL","CPIA business regulatory environment rating (1=low to 6=high)","IQ.CPA.BREG.XQ","2.5","2.5","2.5","2.5","2.5","2.5","","","","","",
"Brazil","BRA","CPIA business regulatory environment rating (1=low to 6=high)","IQ.CPA.BREG.XQ","","","","","","","","","","","",
"Barbados","BRB","CPIA business regulatory environment rating (1=low to 6=high)","IQ.CPA.BREG.XQ","","","","","","","","","","","",
"Brunei Darussalam","BRN","CPIA business regulatory environment rating (1=low to 6=high)","IQ.CPA.BREG.XQ","","","","","","","","","","","",
"Bhutan","BTN","CPIA business regulatory environment rating (1=low to 6=high)","IQ.CPA.BREG.XQ","3.5","3.5","3.5","3.5","3.5","3.5","3.5","3.5","3.5","3.5","",
"Botswana","BWA","CPIA business regulatory environment rating (1=low to 6=high)","IQ.CPA.BREG.XQ","","","","","","","","","","","",
"Central African Republic","CAF","CPIA business regulatory environment rating (1=low to 6=high)","IQ.CPA.BREG.XQ","2","2","2","2","2","2","2","2","2","2","",
"Canada","CAN","CPIA business regulatory environment rating (1=low to 6=high)","IQ.CPA.BREG.XQ","","","","","","","","","","","",
"Central Europe and the Baltics","CEB","CPIA business regulatory environment rating (1=low to 6=high)","IQ.CPA.BREG.XQ","","","","","","","","","","","",
"Switzerland","CHE","CPIA business regulatory environment rating (1=low to 6=high)","IQ.CPA.BREG.XQ","","","","","","","","","","","",
"Channel Islands","CHI","CPIA business regulatory environment rating (1=low to 6=high)","IQ.CPA.BREG.XQ","","","","","","","","","","","",
"Chile","CHL","CPIA business regulatory environment rating (1=low to 6=high)","IQ.CPA.BREG.XQ","","","","","","","","","","","",
"China","CHN","CPIA business regulatory environment rating (1=low to 6=high)","IQ.CPA.BREG.XQ","","","","","","","","","","","",
"Cote d'Ivoire","CIV","CPIA business regulatory environment rating (1=low to 6=high)","IQ.CPA.BREG.XQ","3","3","3","3","3","3","3","3","3.5","3","",
"Cameroon","CMR","CPIA business regulatory environment rating (1=low to 6=high)","IQ.CPA.BREG.XQ","3","3","3","3","3","3","3","3","3","3","",
"Congo, Dem. Rep.","COD","CPIA business regulatory environment rating (1=low to 6=high)","IQ.CPA.BREG.XQ","2","2.5","2.5","3","3","3","3","3","3","3","",
"Congo, Rep.","COG","CPIA business regulatory environment rating (1=low to 6=high)","IQ.CPA.BREG.XQ","2.5","2.5","2.5","2.5","2.5","2.5","2.5","2","2","2","",
"Colombia","COL","CPIA business regulatory environment rating (1=low to 6=high)","IQ.CPA.BREG.XQ","","","","","","","","","","","",
"Comoros","COM","CPIA business regulatory environment rating (1=low to 6=high)","IQ.CPA.BREG.XQ","2.5","2.5","2.5","2.5","2.5","3","3","3","3","3","",
"Cabo Verde","CPV","CPIA business regulatory environment rating (1=low to 6=high)","IQ.CPA.BREG.XQ","3.5","3.5","3.5","3.5","3.5","3.5","3.5","3.5","3.5","3.5","",
"Costa Rica","CRI","CPIA business regulatory environment rating (1=low to 6=high)","IQ.CPA.BREG.XQ","","","","","","","","","","","",
"Caribbean small states","CSS","CPIA business regulatory environment rating (1=low to 6=high)","IQ.CPA.BREG.XQ","4.2","3.9","3.9","3.9","3.9","3.9","3.9","3.6","3.4","3.2","",
"Cuba","CUB","CPIA business regulatory environment rating (1=low to 6=high)","IQ.CPA.BREG.XQ","","","","","","","","","","","",
"Curacao","CUW","CPIA business regulatory environment rating (1=low to 6=high)","IQ.CPA.BREG.XQ","","","","","","","","","","","",
"Cayman Islands","CYM","CPIA business regulatory environment rating (1=low to 6=high)","IQ.CPA.BREG.XQ","","","","","","","","","","","",
"Cyprus","CYP","CPIA business regulatory environment rating (1=low to 6=high)","IQ.CPA.BREG.XQ","","","","","","","","","","","",
"Czech Republic","CZE","CPIA business regulatory environment rating (1=low to 6=high)","IQ.CPA.BREG.XQ","","","","","","","","","","","",
"Germany","DEU","CPIA business regulatory environment rating (1=low to 6=high)","IQ.CPA.BREG.XQ","","","","","","","","","","","",
"Djibouti","DJI","CPIA business regulatory environment rating (1=low to 6=high)","IQ.CPA.BREG.XQ","3.5","3.5","3.5","3.5","3.5","2.5","2.5","2.5","3","3","",
"Dominica","DMA","CPIA business regulatory environment rating (1=low to 6=high)","IQ.CPA.BREG.XQ","4.5","4","4","4","4","4","4","3.5","3.5","3.5","",
"Denmark","DNK","CPIA business regulatory environment rating (1=low to 6=high)","IQ.CPA.BREG.XQ","","","","","","","","","","","",
"Dominican Republic","DOM","CPIA business regulatory environment rating (1=low to 6=high)","IQ.CPA.BREG.XQ","","","","","","","","","","","",
"Algeria","DZA","CPIA business regulatory environment rating (1=low to 6=high)","IQ.CPA.BREG.XQ","","","","","","","","","","","",
"East Asia & Pacific (excluding high income)","EAP","CPIA business regulatory environment rating (1=low to 6=high)","IQ.CPA.BREG.XQ","3.04545454545455","2.96153846153846","2.89285714285714","2.9","2.9","2.86666666666667","2.82142857142857","2.75","2.75","2.71428571428571","",
"Early-demographic dividend","EAR","CPIA business regulatory environment rating (1=low to 6=high)","IQ.CPA.BREG.XQ","3.31034482758621","3.23333333333333","3.21666666666667","3.20967741935484","3.18333333333333","3.06666666666667","3.10344827586207","3.05172413793103","3.01724137931034","3.01724137931034","",
"East Asia & Pacific","EAS","CPIA business regulatory environment rating (1=low to 6=high)","IQ.CPA.BREG.XQ","3.04545454545455","2.96153846153846","2.89285714285714","2.9","2.9","2.86666666666667","2.82142857142857","2.75","2.75","2.71428571428571","",
"Europe & Central Asia (excluding high income)","ECA","CPIA business regulatory environment rating (1=low to 6=high)","IQ.CPA.BREG.XQ","3.77777777777778","3.75","3.75","3.75","3.3","3.4","3.5","3.8","3.6","3.5","",
"Europe & Central Asia","ECS","CPIA business regulatory environment rating (1=low to 6=high)","IQ.CPA.BREG.XQ","3.77777777777778","3.75","3.75","3.75","3.3","3.4","3.5","3.8","3.6","3.5","",
"Ecuador","ECU","CPIA business regulatory environment rating (1=low to 6=high)","IQ.CPA.BREG.XQ","","","","","","","","","","","",
"Egypt, Arab Rep.","EGY","CPIA business regulatory environment rating (1=low to 6=high)","IQ.CPA.BREG.XQ","","","","","","","","","","","",
"Euro area","EMU","CPIA business regulatory environment rating (1=low to 6=high)","IQ.CPA.BREG.XQ","","","","","","","","","","","",
"Eritrea","ERI","CPIA business regulatory environment rating (1=low to 6=high)","IQ.CPA.BREG.XQ","2","2","2","1.5","1.5","1.5","1","1","1","1","",
"Spain","ESP","CPIA business regulatory environment rating (1=low to 6=high)","IQ.CPA.BREG.XQ","","","","","","","","","","","",
"Estonia","EST","CPIA business regulatory environment rating (1=low to 6=high)","IQ.CPA.BREG.XQ","","","","","","","","","","","",
"Ethiopia","ETH","CPIA business regulatory environment rating (1=low to 6=high)","IQ.CPA.BREG.XQ","3.5","3.5","3.5","3.5","3.5","3.5","3","3","3","3.5","",
"European Union","EUU","CPIA business regulatory environment rating (1=low to 6=high)","IQ.CPA.BREG.XQ","","","","","","","","","","","",
"Fragile and conflict affected situations","FCS","CPIA business regulatory environment rating (1=low to 6=high)","IQ.CPA.BREG.XQ","2.72222222222222","2.72413793103448","2.7258064516129","2.75","2.734375","2.734375","2.734375","2.65151515151515","2.640625","2.57575757575758","",
"Finland","FIN","CPIA business regulatory environment rating (1=low to 6=high)","IQ.CPA.BREG.XQ","","","","","","","","","","","",
"Fiji","FJI","CPIA business regulatory environment rating (1=low to 6=high)","IQ.CPA.BREG.XQ","","","","","","","","","","","",
"France","FRA","CPIA business regulatory environment rating (1=low to 6=high)","IQ.CPA.BREG.XQ","","","","","","","","","","","",
"Faroe Islands","FRO","CPIA business regulatory environment rating (1=low to 6=high)","IQ.CPA.BREG.XQ","","","","","","","","","","","",
"Micronesia, Fed. Sts.","FSM","CPIA business regulatory environment rating (1=low to 6=high)","IQ.CPA.BREG.XQ","","2","2","2","2","2","2","2","2","2","",
"Gabon","GAB","CPIA business regulatory environment rating (1=low to 6=high)","IQ.CPA.BREG.XQ","","","","","","","","","","","",
"United Kingdom","GBR","CPIA business regulatory environment rating (1=low to 6=high)","IQ.CPA.BREG.XQ","","","","","","","","","","","",
"Georgia","GEO","CPIA business regulatory environment rating (1=low to 6=high)","IQ.CPA.BREG.XQ","5.5","5.5","5.5","5.5","","","","","","","",
"Ghana","GHA","CPIA business regulatory environment rating (1=low to 6=high)","IQ.CPA.BREG.XQ","4.5","4.5","4.5","4.5","4","4","4","3.5","3.5","3.5","",
"Gibraltar","GIB","CPIA business regulatory environment rating (1=low to 6=high)","IQ.CPA.BREG.XQ","","","","","","","","","","","",
"Guinea","GIN","CPIA business regulatory environment rating (1=low to 6=high)","IQ.CPA.BREG.XQ","2.5","2.5","2.5","2.5","3","3","3","3","3","3","",
"Gambia, The","GMB","CPIA business regulatory environment rating (1=low to 6=high)","IQ.CPA.BREG.XQ","3.5","3.5","3.5","3.5","3.5","3.5","3.5","3.5","3","3","",
"Guinea-Bissau","GNB","CPIA business regulatory environment rating (1=low to 6=high)","IQ.CPA.BREG.XQ","2.5","2.5","2.5","2.5","2.5","2.5","2.5","2.5","2.5","2.5","",
"Equatorial Guinea","GNQ","CPIA business regulatory environment rating (1=low to 6=high)","IQ.CPA.BREG.XQ","","","","","","","","","","","",
"Greece","GRC","CPIA business regulatory environment rating (1=low to 6=high)","IQ.CPA.BREG.XQ","","","","","","","","","","","",
"Grenada","GRD","CPIA business regulatory environment rating (1=low to 6=high)","IQ.CPA.BREG.XQ","4.5","4","4","4","4","4","4","3.5","3","3","",
"Greenland","GRL","CPIA business regulatory environment rating (1=low to 6=high)","IQ.CPA.BREG.XQ","","","","","","","","","","","",
"Guatemala","GTM","CPIA business regulatory environment rating (1=low to 6=high)","IQ.CPA.BREG.XQ","","","","","","","","","","","",
"Guam","GUM","CPIA business regulatory environment rating (1=low to 6=high)","IQ.CPA.BREG.XQ","","","","","","","","","","","",
"Guyana","GUY","CPIA business regulatory environment rating (1=low to 6=high)","IQ.CPA.BREG.XQ","3","3","3","3","3","3","3","3","2.5","2.5","",
"High income","HIC","CPIA business regulatory environment rating (1=low to 6=high)","IQ.CPA.BREG.XQ","","","","","","","","","","","",
"Hong Kong SAR, China","HKG","CPIA business regulatory environment rating (1=low to 6=high)","IQ.CPA.BREG.XQ","","","","","","","","","","","",
"Honduras","HND","CPIA business regulatory environment rating (1=low to 6=high)","IQ.CPA.BREG.XQ","3.5","3.5","3","3","3","3","3","3","2.5","2.5","",
"Heavily indebted poor countries (HIPC)","HPC","CPIA business regulatory environment rating (1=low to 6=high)","IQ.CPA.BREG.XQ","3","3.02631578947368","3.03947368421053","3.05263157894737","3.06578947368421","3.06578947368421","3.04054054054054","2.93421052631579","2.93243243243243","2.85526315789474","",
"Croatia","HRV","CPIA business regulatory environment rating (1=low to 6=high)","IQ.CPA.BREG.XQ","","","","","","","","","","","",
"Haiti","HTI","CPIA business regulatory environment rating (1=low to 6=high)","IQ.CPA.BREG.XQ","2.5","2.5","2.5","2.5","2.5","2","2","1.5","1.5","2","",
"Hungary","HUN","CPIA business regulatory environment rating (1=low to 6=high)","IQ.CPA.BREG.XQ","","","","","","","","","","","",
"IBRD only","IBD","CPIA business regulatory environment rating (1=low to 6=high)","IQ.CPA.BREG.XQ","3.63636363636364","3.5","3.5","3.55","3.4","3.4","3.5","3.75","3.75","3.83333333333333","",
"IDA & IBRD total","IBT","CPIA business regulatory environment rating (1=low to 6=high)","IQ.CPA.BREG.XQ","3.24025974025974","3.18589743589744","3.16875","3.17901234567901","3.13815789473684","3.10526315789474","3.0958904109589","3.04054054054054","3.01369863013699","2.96666666666667","",
"IDA total","IDA","CPIA business regulatory environment rating (1=low to 6=high)","IQ.CPA.BREG.XQ","3.17424242424242","3.13970588235294","3.12142857142857","3.12676056338028","3.11971830985915","3.08450704225352","3.08450704225352","3.02083333333333","2.99295774647887","2.93055555555556","",
"IDA blend","IDB","CPIA business regulatory environment rating (1=low to 6=high)","IQ.CPA.BREG.XQ","3.39285714285714","3.25","3.21428571428571","3.25","3.25","3.25","3.28571428571429","3.25","3.14285714285714","3.17857142857143","",
"Indonesia","IDN","CPIA business regulatory environment rating (1=low to 6=high)","IQ.CPA.BREG.XQ","","","","","","","","","","","",
"IDA only","IDX","CPIA business regulatory environment rating (1=low to 6=high)","IQ.CPA.BREG.XQ","3.11538461538462","3.11111111111111","3.09821428571429","3.09649122807018","3.08771929824561","3.04385964912281","3.03508771929825","2.96551724137931","2.95614035087719","2.87068965517241","",
"Isle of Man","IMN","CPIA business regulatory environment rating (1=low to 6=high)","IQ.CPA.BREG.XQ","","","","","","","","","","","",
"India","IND","CPIA business regulatory environment rating (1=low to 6=high)","IQ.CPA.BREG.XQ","3.5","3","3","3","","","","","","","",
"Not classified","INX","CPIA business regulatory environment rating (1=low to 6=high)","IQ.CPA.BREG.XQ","","","","","","","","","","","",
"Ireland","IRL","CPIA business regulatory environment rating (1=low to 6=high)","IQ.CPA.BREG.XQ","","","","","","","","","","","",
"Iran, Islamic Rep.","IRN","CPIA business regulatory environment rating (1=low to 6=high)","IQ.CPA.BREG.XQ","","","","","","","","","","","",
"Iraq","IRQ","CPIA business regulatory environment rating (1=low to 6=high)","IQ.CPA.BREG.XQ","","","","","","","","","","","",
"Iceland","ISL","CPIA business regulatory environment rating (1=low to 6=high)","IQ.CPA.BREG.XQ","","","","","","","","","","","",
"Israel","ISR","CPIA business regulatory environment rating (1=low to 6=high)","IQ.CPA.BREG.XQ","","","","","","","","","","","",
"Italy","ITA","CPIA business regulatory environment rating (1=low to 6=high)","IQ.CPA.BREG.XQ","","","","","","","","","","","",
"Jamaica","JAM","CPIA business regulatory environment rating (1=low to 6=high)","IQ.CPA.BREG.XQ","","","","","","","","","","","",
"Jordan","JOR","CPIA business regulatory environment rating (1=low to 6=high)","IQ.CPA.BREG.XQ","","","","","","","","","","","",
"Japan","JPN","CPIA business regulatory environment rating (1=low to 6=high)","IQ.CPA.BREG.XQ","","","","","","","","","","","",
"Kazakhstan","KAZ","CPIA business regulatory environment rating (1=low to 6=high)","IQ.CPA.BREG.XQ","","","","","","","","","","","",
"Kenya","KEN","CPIA business regulatory environment rating (1=low to 6=high)","IQ.CPA.BREG.XQ","4","4","3.5","3.5","3.5","3.5","3.5","4","3.5","4","",
"Kyrgyz Republic","KGZ","CPIA business regulatory environment rating (1=low to 6=high)","IQ.CPA.BREG.XQ","3.5","3.5","3.5","3.5","3.5","4","4","4","3.5","3","",
"Cambodia","KHM","CPIA business regulatory environment rating (1=low to 6=high)","IQ.CPA.BREG.XQ","3.5","3.5","3.5","3.5","3.5","3","3","2.5","2.5","2.5","",
"Kiribati","KIR","CPIA business regulatory environment rating (1=low to 6=high)","IQ.CPA.BREG.XQ","3","2.5","2.5","2.5","2.5","2.5","2.5","2.5","2.5","2.5","",
"St. Kitts and Nevis","KNA","CPIA business regulatory environment rating (1=low to 6=high)","IQ.CPA.BREG.XQ","","","","","","","","","","","",
"Korea, Rep.","KOR","CPIA business regulatory environment rating (1=low to 6=high)","IQ.CPA.BREG.XQ","","","","","","","","","","","",
"Kuwait","KWT","CPIA business regulatory environment rating (1=low to 6=high)","IQ.CPA.BREG.XQ","","","","","","","","","","","",
"Latin America & Caribbean (excluding high income)","LAC","CPIA business regulatory environment rating (1=low to 6=high)","IQ.CPA.BREG.XQ","3.66666666666667","3.5","3.44444444444444","3.44444444444444","3.44444444444444","3.38888888888889","3.5","3.1875","3","2.875","",
"Lao PDR","LAO","CPIA business regulatory environment rating (1=low to 6=high)","IQ.CPA.BREG.XQ","3","3.5","3.5","3.5","3.5","3.5","3.5","3","3","3","",
"Lebanon","LBN","CPIA business regulatory environment rating (1=low to 6=high)","IQ.CPA.BREG.XQ","","","","","","","","","","","",
"Liberia","LBR","CPIA business regulatory environment rating (1=low to 6=high)","IQ.CPA.BREG.XQ","3","3","3","3","3","3","3","3","2.5","2.5","",
"Libya","LBY","CPIA business regulatory environment rating (1=low to 6=high)","IQ.CPA.BREG.XQ","","","","","","","","","","","",
"St. Lucia","LCA","CPIA business regulatory environment rating (1=low to 6=high)","IQ.CPA.BREG.XQ","4.5","4.5","4.5","4.5","4.5","4.5","4.5","4","4","3.5","",
"Latin America & Caribbean","LCN","CPIA business regulatory environment rating (1=low to 6=high)","IQ.CPA.BREG.XQ","3.66666666666667","3.5","3.44444444444444","3.44444444444444","3.44444444444444","3.38888888888889","3.5","3.1875","3","2.875","",
"Least developed countries: UN classification","LDC","CPIA business regulatory environment rating (1=low to 6=high)","IQ.CPA.BREG.XQ","2.96511627906977","2.98837209302326","2.98888888888889","3.01086956521739","3.03333333333333","2.97777777777778","2.95555555555556","2.8804347826087","2.9","2.83695652173913","",
"Low income","LIC","CPIA business regulatory environment rating (1=low to 6=high)","IQ.CPA.BREG.XQ","2.9","2.92","2.94230769230769","2.94230769230769","2.96153846153846","2.92307692307692","2.90384615384615","2.81481481481481","2.82692307692308","2.7037037037037","",
"Liechtenstein","LIE","CPIA business regulatory environment rating (1=low to 6=high)","IQ.CPA.BREG.XQ","","","","","","","","","","","",
"Sri Lanka","LKA","CPIA business regulatory environment rating (1=low to 6=high)","IQ.CPA.BREG.XQ","4","4","4","4","4","4","","","","4","",
"Lower middle income","LMC","CPIA business regulatory environment rating (1=low to 6=high)","IQ.CPA.BREG.XQ","3.19230769230769","3.1625","3.1375","3.14634146341463","3.15384615384615","3.12820512820513","3.11111111111111","3.11111111111111","3.06944444444444","3.10810810810811","",
"Low & middle income","LMY","CPIA business regulatory environment rating (1=low to 6=high)","IQ.CPA.BREG.XQ","3.24025974025974","3.18589743589744","3.16875","3.17901234567901","3.13815789473684","3.10526315789474","3.0958904109589","3.04054054054054","3.01369863013699","2.96666666666667","",
"Lesotho","LSO","CPIA business regulatory environment rating (1=low to 6=high)","IQ.CPA.BREG.XQ","3","3","3.5","3.5","3","3","3.5","3.5","3.5","3.5","",
"Late-demographic dividend","LTE","CPIA business regulatory environment rating (1=low to 6=high)","IQ.CPA.BREG.XQ","3.95454545454545","3.9","3.9","3.95","3.6875","3.75","3.75","3.75","3.58333333333333","3.42857142857143","",
"Lithuania","LTU","CPIA business regulatory environment rating (1=low to 6=high)","IQ.CPA.BREG.XQ","","","","","","","","","","","",
"Luxembourg","LUX","CPIA business regulatory environment rating (1=low to 6=high)","IQ.CPA.BREG.XQ","","","","","","","","","","","",
"Latvia","LVA","CPIA business regulatory environment rating (1=low to 6=high)","IQ.CPA.BREG.XQ","","","","","","","","","","","",
"Macao SAR, China","MAC","CPIA business regulatory environment rating (1=low to 6=high)","IQ.CPA.BREG.XQ","","","","","","","","","","","",
"St. Martin (French part)","MAF","CPIA business regulatory environment rating (1=low to 6=high)","IQ.CPA.BREG.XQ","","","","","","","","","","","",
"Morocco","MAR","CPIA business regulatory environment rating (1=low to 6=high)","IQ.CPA.BREG.XQ","","","","","","","","","","","",
"Monaco","MCO","CPIA business regulatory environment rating (1=low to 6=high)","IQ.CPA.BREG.XQ","","","","","","","","","","","",
"Moldova","MDA","CPIA business regulatory environment rating (1=low to 6=high)","IQ.CPA.BREG.XQ","3.5","3.5","3.5","3.5","3.5","3.5","3.5","4","4","4","",
"Madagascar","MDG","CPIA business regulatory environment rating (1=low to 6=high)","IQ.CPA.BREG.XQ","3","3","3","3","3","2.5","3","3","3","3","",
"Maldives","MDV","CPIA business regulatory environment rating (1=low to 6=high)","IQ.CPA.BREG.XQ","4","4","4","4","4","3.5","3.5","3.5","3.5","3.5","",
"Middle East & North Africa","MEA","CPIA business regulatory environment rating (1=low to 6=high)","IQ.CPA.BREG.XQ","3.5","3.25","3.25","3.25","3.25","2.5","2.5","2.5","2.75","2.5","",
"Mexico","MEX","CPIA business regulatory environment rating (1=low to 6=high)","IQ.CPA.BREG.XQ","","","","","","","","","","","",
"Marshall Islands","MHL","CPIA business regulatory environment rating (1=low to 6=high)","IQ.CPA.BREG.XQ","","2.5","2.5","2.5","2.5","2.5","2.5","2.5","2.5","2.5","",
"Middle income","MIC","CPIA business regulatory environment rating (1=low to 6=high)","IQ.CPA.BREG.XQ","3.40384615384615","3.31132075471698","3.27777777777778","3.29090909090909","3.23","3.2","3.20212765957447","3.17021276595745","3.11702127659574","3.11458333333333","",
"North Macedonia","MKD","CPIA business regulatory environment rating (1=low to 6=high)","IQ.CPA.BREG.XQ","","","","","","","","","","","",
"Mali","MLI","CPIA business regulatory environment rating (1=low to 6=high)","IQ.CPA.BREG.XQ","3.5","3.5","3.5","3.5","3.5","3.5","3.5","3.5","3.5","3","",
"Malta","MLT","CPIA business regulatory environment rating (1=low to 6=high)","IQ.CPA.BREG.XQ","","","","","","","","","","","",
"Myanmar","MMR","CPIA business regulatory environment rating (1=low to 6=high)","IQ.CPA.BREG.XQ","","","","2.5","2.5","2.5","2.5","2.5","2.5","2.5","",
"Middle East & North Africa (excluding high income)","MNA","CPIA business regulatory environment rating (1=low to 6=high)","IQ.CPA.BREG.XQ","3.5","3.25","3.25","3.25","3.25","2.5","2.5","2.5","2.75","2.5","",
"Montenegro","MNE","CPIA business regulatory environment rating (1=low to 6=high)","IQ.CPA.BREG.XQ","","","","","","","","","","","",
"Mongolia","MNG","CPIA business regulatory environment rating (1=low to 6=high)","IQ.CPA.BREG.XQ","3.5","3.5","3.5","3.5","3.5","3.5","3.5","3.5","3.5","3.5","",
"Northern Mariana Islands","MNP","CPIA business regulatory environment rating (1=low to 6=high)","IQ.CPA.BREG.XQ","","","","","","","","","","","",
"Mozambique","MOZ","CPIA business regulatory environment rating (1=low to 6=high)","IQ.CPA.BREG.XQ","3","3","3","3","3","3","3","3","3","3","",
"Mauritania","MRT","CPIA business regulatory environment rating (1=low to 6=high)","IQ.CPA.BREG.XQ","3","3","3","3","3","3","3","3","3","3","",
"Mauritius","MUS","CPIA business regulatory environment rating (1=low to 6=high)","IQ.CPA.BREG.XQ","","","","","","","","","","","",
"Malawi","MWI","CPIA business regulatory environment rating (1=low to 6=high)","IQ.CPA.BREG.XQ","3","3","3","2.5","3","3","3","3","3","3","",
"Malaysia","MYS","CPIA business regulatory environment rating (1=low to 6=high)","IQ.CPA.BREG.XQ","","","","","","","","","","","",
"North America","NAC","CPIA business regulatory environment rating (1=low to 6=high)","IQ.CPA.BREG.XQ","","","","","","","","","","","",
"Namibia","NAM","CPIA business regulatory environment rating (1=low to 6=high)","IQ.CPA.BREG.XQ","","","","","","","","","","","",
"New Caledonia","NCL","CPIA business regulatory environment rating (1=low to 6=high)","IQ.CPA.BREG.XQ","","","","","","","","","","","",
"Niger","NER","CPIA business regulatory environment rating (1=low to 6=high)","IQ.CPA.BREG.XQ","3","3","3","3","3","3.5","3.5","3.5","3.5","3.5","",
"Nigeria","NGA","CPIA business regulatory environment rating (1=low to 6=high)","IQ.CPA.BREG.XQ","3.5","3.5","3.5","3.5","3.5","3.5","3.5","3.5","3","3.5","",
"Nicaragua","NIC","CPIA business regulatory environment rating (1=low to 6=high)","IQ.CPA.BREG.XQ","3.5","3.5","3.5","3.5","3.5","3.5","3.5","3","3","2.5","",
"Netherlands","NLD","CPIA business regulatory environment rating (1=low to 6=high)","IQ.CPA.BREG.XQ","","","","","","","","","","","",
"Norway","NOR","CPIA business regulatory environment rating (1=low to 6=high)","IQ.CPA.BREG.XQ","","","","","","","","","","","",
"Nepal","NPL","CPIA business regulatory environment rating (1=low to 6=high)","IQ.CPA.BREG.XQ","3","3","3","3.5","3.5","3.5","3.5","3.5","3.5","3.5","",
"Nauru","NRU","CPIA business regulatory environment rating (1=low to 6=high)","IQ.CPA.BREG.XQ","","","","","","","","","","","",
"New Zealand","NZL","CPIA business regulatory environment rating (1=low to 6=high)","IQ.CPA.BREG.XQ","","","","","","","","","","","",
"OECD members","OED","CPIA business regulatory environment rating (1=low to 6=high)","IQ.CPA.BREG.XQ","","","","","","","","","","","",
"Oman","OMN","CPIA business regulatory environment rating (1=low to 6=high)","IQ.CPA.BREG.XQ","","","","","","","","","","","",
"Other small states","OSS","CPIA business regulatory environment rating (1=low to 6=high)","IQ.CPA.BREG.XQ","3","3.05","3.1","3.15","3.1","3","3.05","3.05","3.05","3.05","",
"Pakistan","PAK","CPIA business regulatory environment rating (1=low to 6=high)","IQ.CPA.BREG.XQ","3.5","3","3","3","3","3","3.5","3.5","3.5","3.5","",
"Panama","PAN","CPIA business regulatory environment rating (1=low to 6=high)","IQ.CPA.BREG.XQ","","","","","","","","","","","",
"Peru","PER","CPIA business regulatory environment rating (1=low to 6=high)","IQ.CPA.BREG.XQ","","","","","","","","","","","",
"Philippines","PHL","CPIA business regulatory environment rating (1=low to 6=high)","IQ.CPA.BREG.XQ","","","","","","","","","","","",
"Palau","PLW","CPIA business regulatory environment rating (1=low to 6=high)","IQ.CPA.BREG.XQ","","","","","","","","","","","",
"Papua New Guinea","PNG","CPIA business regulatory environment rating (1=low to 6=high)","IQ.CPA.BREG.XQ","3","3","3","3","3","3","3","3","3","3","",
"Poland","POL","CPIA business regulatory environment rating (1=low to 6=high)","IQ.CPA.BREG.XQ","","","","","","","","","","","",
"Pre-demographic dividend","PRE","CPIA business regulatory environment rating (1=low to 6=high)","IQ.CPA.BREG.XQ","2.89393939393939","2.90909090909091","2.91176470588235","2.92647058823529","2.96969696969697","2.98484848484848","2.95454545454545","2.89705882352941","2.89393939393939","2.80882352941176","",
"Puerto Rico","PRI","CPIA business regulatory environment rating (1=low to 6=high)","IQ.CPA.BREG.XQ","","","","","","","","","","","",
"Korea, Dem. People’s Rep.","PRK","CPIA business regulatory environment rating (1=low to 6=high)","IQ.CPA.BREG.XQ","","","","","","","","","","","",
"Portugal","PRT","CPIA business regulatory environment rating (1=low to 6=high)","IQ.CPA.BREG.XQ","","","","","","","","","","","",
"Paraguay","PRY","CPIA business regulatory environment rating (1=low to 6=high)","IQ.CPA.BREG.XQ","","","","","","","","","","","",
"West Bank and Gaza","PSE","CPIA business regulatory environment rating (1=low to 6=high)","IQ.CPA.BREG.XQ","","","","","","","","","","","",
"Pacific island small states","PSS","CPIA business regulatory environment rating (1=low to 6=high)","IQ.CPA.BREG.XQ","3.1","2.85714285714286","2.75","2.75","2.75","2.75","2.75","2.75","2.75","2.6875","",
"Post-demographic dividend","PST","CPIA business regulatory environment rating (1=low to 6=high)","IQ.CPA.BREG.XQ","4","3.5","3.5","3.5","","","","","","","",
"French Polynesia","PYF","CPIA business regulatory environment rating (1=low to 6=high)","IQ.CPA.BREG.XQ","","","","","","","","","","","",
"Qatar","QAT","CPIA business regulatory environment rating (1=low to 6=high)","IQ.CPA.BREG.XQ","","","","","","","","","","","",
"Romania","ROU","CPIA business regulatory environment rating (1=low to 6=high)","IQ.CPA.BREG.XQ","","","","","","","","","","","",
"Russian Federation","RUS","CPIA business regulatory environment rating (1=low to 6=high)","IQ.CPA.BREG.XQ","","","","","","","","","","","",
"Rwanda","RWA","CPIA business regulatory environment rating (1=low to 6=high)","IQ.CPA.BREG.XQ","4","4","4","4.5","4.5","4.5","4.5","4.5","4.5","4.5","",
"South Asia","SAS","CPIA business regulatory environment rating (1=low to 6=high)","IQ.CPA.BREG.XQ","3.4375","3.3125","3.3125","3.375","3.42857142857143","3.28571428571429","3.25","3.16666666666667","3.16666666666667","3.28571428571429","",
"Saudi Arabia","SAU","CPIA business regulatory environment rating (1=low to 6=high)","IQ.CPA.BREG.XQ","","","","","","","","","","","",
"Sudan","SDN","CPIA business regulatory environment rating (1=low to 6=high)","IQ.CPA.BREG.XQ","2.5","2.5","2.5","3","3","3","3","3","3","2.5","",
"Senegal","SEN","CPIA business regulatory environment rating (1=low to 6=high)","IQ.CPA.BREG.XQ","4","4","4","4","4","4","3.5","3.5","3","3.5","",
"Singapore","SGP","CPIA business regulatory environment rating (1=low to 6=high)","IQ.CPA.BREG.XQ","","","","","","","","","","","",
"Solomon Islands","SLB","CPIA business regulatory environment rating (1=low to 6=high)","IQ.CPA.BREG.XQ","2.5","3","3","3","3","3","3","3","3","3","",
"Sierra Leone","SLE","CPIA business regulatory environment rating (1=low to 6=high)","IQ.CPA.BREG.XQ","3","3","3","3","3","3","3","3","3","3","",
"El Salvador","SLV","CPIA business regulatory environment rating (1=low to 6=high)","IQ.CPA.BREG.XQ","","","","","","","","","","","",
"San Marino","SMR","CPIA business regulatory environment rating (1=low to 6=high)","IQ.CPA.BREG.XQ","","","","","","","","","","","",
"Somalia","SOM","CPIA business regulatory environment rating (1=low to 6=high)","IQ.CPA.BREG.XQ","","","","","","","","1.5","","1","",
"Serbia","SRB","CPIA business regulatory environment rating (1=low to 6=high)","IQ.CPA.BREG.XQ","","","","","","","","","","","",
"Sub-Saharan Africa (excluding high income)","SSA","CPIA business regulatory environment rating (1=low to 6=high)","IQ.CPA.BREG.XQ","3.01315789473684","3.03947368421053","3.05128205128205","3.06410256410256","3.07894736842105","3.09210526315789","3.06578947368421","3.02564102564103","3.02631578947368","2.97435897435897","",
"South Sudan","SSD","CPIA business regulatory environment rating (1=low to 6=high)","IQ.CPA.BREG.XQ","","","2.5","2.5","2","2","2","2","2","1.5","",
"Sub-Saharan Africa","SSF","CPIA business regulatory environment rating (1=low to 6=high)","IQ.CPA.BREG.XQ","3.01315789473684","3.03947368421053","3.05128205128205","3.06410256410256","3.07894736842105","3.09210526315789","3.06578947368421","3.02564102564103","3.02631578947368","2.97435897435897","",
"Small states","SST","CPIA business regulatory environment rating (1=low to 6=high)","IQ.CPA.BREG.XQ","3.325","3.18181818181818","3.15217391304348","3.17391304347826","3.15217391304348","3.10869565217391","3.1304347826087","3.06521739130435","3.02173913043478","2.95652173913043","",
"Sao Tome and Principe","STP","CPIA business regulatory environment rating (1=low to 6=high)","IQ.CPA.BREG.XQ","2.5","3","3","3","3","3","3","3","3","3","",
"Suriname","SUR","CPIA business regulatory environment rating (1=low to 6=high)","IQ.CPA.BREG.XQ","","","","","","","","","","","",
"Slovak Republic","SVK","CPIA business regulatory environment rating (1=low to 6=high)","IQ.CPA.BREG.XQ","","","","","","","","","","","",
"Slovenia","SVN","CPIA business regulatory environment rating (1=low to 6=high)","IQ.CPA.BREG.XQ","","","","","","","","","","","",
"Sweden","SWE","CPIA business regulatory environment rating (1=low to 6=high)","IQ.CPA.BREG.XQ","","","","","","","","","","","",
"Eswatini","SWZ","CPIA business regulatory environment rating (1=low to 6=high)","IQ.CPA.BREG.XQ","","","","","","","","","","","",
"Sint Maarten (Dutch part)","SXM","CPIA business regulatory environment rating (1=low to 6=high)","IQ.CPA.BREG.XQ","","","","","","","","","","","",
"Seychelles","SYC","CPIA business regulatory environment rating (1=low to 6=high)","IQ.CPA.BREG.XQ","","","","","","","","","","","",
"Syrian Arab Republic","SYR","CPIA business regulatory environment rating (1=low to 6=high)","IQ.CPA.BREG.XQ","","","","","","","","","","","",
"Turks and Caicos Islands","TCA","CPIA business regulatory environment rating (1=low to 6=high)","IQ.CPA.BREG.XQ","","","","","","","","","","","",
"Chad","TCD","CPIA business regulatory environment rating (1=low to 6=high)","IQ.CPA.BREG.XQ","2","2","2.5","2.5","2.5","2.5","2.5","2.5","2.5","2.5","",
"East Asia & Pacific (IDA & IBRD countries)","TEA","CPIA business regulatory environment rating (1=low to 6=high)","IQ.CPA.BREG.XQ","3.04545454545455","2.96153846153846","2.89285714285714","2.9","2.9","2.86666666666667","2.82142857142857","2.75","2.75","2.71428571428571","",
"Europe & Central Asia (IDA & IBRD countries)","TEC","CPIA business regulatory environment rating (1=low to 6=high)","IQ.CPA.BREG.XQ","3.77777777777778","3.75","3.75","3.75","3.3","3.4","3.5","3.8","3.6","3.5","",
"Togo","TGO","CPIA business regulatory environment rating (1=low to 6=high)","IQ.CPA.BREG.XQ","3","2.5","3","3","3","3","3","3","3.5","3.5","",
"Thailand","THA","CPIA business regulatory environment rating (1=low to 6=high)","IQ.CPA.BREG.XQ","","","","","","","","","","","",
"Tajikistan","TJK","CPIA business regulatory environment rating (1=low to 6=high)","IQ.CPA.BREG.XQ","3","3.5","3.5","3","3","3","3","3.5","3","3","",
"Turkmenistan","TKM","CPIA business regulatory environment rating (1=low to 6=high)","IQ.CPA.BREG.XQ","","","","","","","","","","","",
"Latin America & the Caribbean (IDA & IBRD countries)","TLA","CPIA business regulatory environment rating (1=low to 6=high)","IQ.CPA.BREG.XQ","3.66666666666667","3.5","3.44444444444444","3.44444444444444","3.44444444444444","3.38888888888889","3.5","3.1875","3","2.875","",
"Timor-Leste","TLS","CPIA business regulatory environment rating (1=low to 6=high)","IQ.CPA.BREG.XQ","1.5","1.5","1.5","2","2","2","2","2","2","2","",
"Middle East & North Africa (IDA & IBRD countries)","TMN","CPIA business regulatory environment rating (1=low to 6=high)","IQ.CPA.BREG.XQ","3.5","3.25","3.25","3.25","3.25","2.5","2.5","2.5","2.75","2.5","",
"Tonga","TON","CPIA business regulatory environment rating (1=low to 6=high)","IQ.CPA.BREG.XQ","3","3","3","3","3","3","3","3","3","2.5","",
"South Asia (IDA & IBRD)","TSA","CPIA business regulatory environment rating (1=low to 6=high)","IQ.CPA.BREG.XQ","3.4375","3.3125","3.3125","3.375","3.42857142857143","3.28571428571429","3.25","3.16666666666667","3.16666666666667","3.28571428571429","",
"Sub-Saharan Africa (IDA & IBRD countries)","TSS","CPIA business regulatory environment rating (1=low to 6=high)","IQ.CPA.BREG.XQ","3.01315789473684","3.03947368421053","3.05128205128205","3.06410256410256","3.07894736842105","3.09210526315789","3.06578947368421","3.02564102564103","3.02631578947368","2.97435897435897","",
"Trinidad and Tobago","TTO","CPIA business regulatory environment rating (1=low to 6=high)","IQ.CPA.BREG.XQ","","","","","","","","","","","",
"Tunisia","TUN","CPIA business regulatory environment rating (1=low to 6=high)","IQ.CPA.BREG.XQ","","","","","","","","","","","",
"Turkey","TUR","CPIA business regulatory environment rating (1=low to 6=high)","IQ.CPA.BREG.XQ","","","","","","","","","","","",
"Tuvalu","TUV","CPIA business regulatory environment rating (1=low to 6=high)","IQ.CPA.BREG.XQ","","","2.5","2.5","2.5","2.5","2.5","2.5","2.5","2.5","",
"Tanzania","TZA","CPIA business regulatory environment rating (1=low to 6=high)","IQ.CPA.BREG.XQ","3.5","3.5","3.5","3.5","3.5","3.5","3.5","3","3","3","",
"Uganda","UGA","CPIA business regulatory environment rating (1=low to 6=high)","IQ.CPA.BREG.XQ","4","4","4","4","4","4","4","3.5","3.5","3","",
"Ukraine","UKR","CPIA business regulatory environment rating (1=low to 6=high)","IQ.CPA.BREG.XQ","","","","","","","","","","","",
"Upper middle income","UMC","CPIA business regulatory environment rating (1=low to 6=high)","IQ.CPA.BREG.XQ","4.03846153846154","3.76923076923077","3.67857142857143","3.71428571428571","3.5","3.45454545454545","3.5","3.36363636363636","3.27272727272727","3.13636363636364","",
"Uruguay","URY","CPIA business regulatory environment rating (1=low to 6=high)","IQ.CPA.BREG.XQ","","","","","","","","","","","",
"United States","USA","CPIA business regulatory environment rating (1=low to 6=high)","IQ.CPA.BREG.XQ","","","","","","","","","","","",
"Uzbekistan","UZB","CPIA business regulatory environment rating (1=low to 6=high)","IQ.CPA.BREG.XQ","3","3","3","3","3","3","3","3.5","3.5","3.5","",
"St. Vincent and the Grenadines","VCT","CPIA business regulatory environment rating (1=low to 6=high)","IQ.CPA.BREG.XQ","4.5","4","4","4","4","4","4","4","4","3.5","",
"Venezuela, RB","VEN","CPIA business regulatory environment rating (1=low to 6=high)","IQ.CPA.BREG.XQ","","","","","","","","","","","",
"British Virgin Islands","VGB","CPIA business regulatory environment rating (1=low to 6=high)","IQ.CPA.BREG.XQ","","","","","","","","","","","",
"Virgin Islands (U.S.)","VIR","CPIA business regulatory environment rating (1=low to 6=high)","IQ.CPA.BREG.XQ","","","","","","","","","","","",
"Vietnam","VNM","CPIA business regulatory environment rating (1=low to 6=high)","IQ.CPA.BREG.XQ","3.5","3.5","3.5","3.5","3.5","3.5","","","","","",
"Vanuatu","VUT","CPIA business regulatory environment rating (1=low to 6=high)","IQ.CPA.BREG.XQ","3.5","3.5","3","3","3","3","3","3","3","3","",
"World","WLD","CPIA business regulatory environment rating (1=low to 6=high)","IQ.CPA.BREG.XQ","3.24025974025974","3.18589743589744","3.16875","3.17901234567901","3.13815789473684","3.10526315789474","3.0958904109589","3.04054054054054","3.01369863013699","2.96666666666667","",
"Samoa","WSM","CPIA business regulatory environment rating (1=low to 6=high)","IQ.CPA.BREG.XQ","3.5","3.5","3.5","3.5","3.5","3.5","3.5","3.5","3.5","3.5","",
"Kosovo","XKX","CPIA business regulatory environment rating (1=low to 6=high)","IQ.CPA.BREG.XQ","3.5","3.5","3.5","3.5","3.5","3.5","4","4","4","4","",
"Yemen, Rep.","YEM","CPIA business regulatory environment rating (1=low to 6=high)","IQ.CPA.BREG.XQ","3.5","3","3","3","3","2.5","2.5","2.5","2.5","2","",
"South Africa","ZAF","CPIA business regulatory environment rating (1=low to 6=high)","IQ.CPA.BREG.XQ","","","","","","","","","","","",
"Zambia","ZMB","CPIA business regulatory environment rating (1=low to 6=high)","IQ.CPA.BREG.XQ","3.5","3.5","3.5","3.5","3.5","3.5","3.5","4","4","4","",
"Zimbabwe","ZWE","CPIA business regulatory environment rating (1=low to 6=high)","IQ.CPA.BREG.XQ","2","2","2","2","2","2","2","2.5","2.5","3","",
