﻿"Data Source","World Development Indicators",

"Last Updated Date","2020-10-15",

"Country Name","Country Code","Indicator Name","Indicator Code","2019",
"Aruba","ABW","GDP (current US$)","NY.GDP.MKTP.CD","",
"Afghanistan","AFG","GDP (current US$)","NY.GDP.MKTP.CD","19101353832.7371",
"Angola","AGO","GDP (current US$)","NY.GDP.MKTP.CD","94635415869.9851",
"Albania","ALB","GDP (current US$)","NY.GDP.MKTP.CD","15278077446.8643",
"Andorra","AND","GDP (current US$)","NY.GDP.MKTP.CD","3154057987.23833",
"Arab World","ARB","GDP (current US$)","NY.GDP.MKTP.CD","2815410447182.25",
"United Arab Emirates","ARE","GDP (current US$)","NY.GDP.MKTP.CD","421142267937.65",
"Argentina","ARG","GDP (current US$)","NY.GDP.MKTP.CD","449663446954.073",
"Armenia","ARM","GDP (current US$)","NY.GDP.MKTP.CD","13672802157.8324",
"American Samoa","ASM","GDP (current US$)","NY.GDP.MKTP.CD","",
"Antigua and Barbuda","ATG","GDP (current US$)","NY.GDP.MKTP.CD","1727759259.25926",
"Australia","AUS","GDP (current US$)","NY.GDP.MKTP.CD","1392680589329.14",
"Austria","AUT","GDP (current US$)","NY.GDP.MKTP.CD","446314739528.47",
"Azerbaijan","AZE","GDP (current US$)","NY.GDP.MKTP.CD","48047647058.8235",
"Burundi","BDI","GDP (current US$)","NY.GDP.MKTP.CD","3012334881.64057",
"Belgium","BEL","GDP (current US$)","NY.GDP.MKTP.CD","529606710418.038",
"Benin","BEN","GDP (current US$)","NY.GDP.MKTP.CD","14390709094.9386",
"Burkina Faso","BFA","GDP (current US$)","NY.GDP.MKTP.CD","15745810234.6602",
"Bangladesh","BGD","GDP (current US$)","NY.GDP.MKTP.CD","302571254131.135",
"Bulgaria","BGR","GDP (current US$)","NY.GDP.MKTP.CD","67927179736.6915",
"Bahrain","BHR","GDP (current US$)","NY.GDP.MKTP.CD","38574069148.9362",
"Bahamas, The","BHS","GDP (current US$)","NY.GDP.MKTP.CD","12827000000",
"Bosnia and Herzegovina","BIH","GDP (current US$)","NY.GDP.MKTP.CD","20047848434.5487",
"Belarus","BLR","GDP (current US$)","NY.GDP.MKTP.CD","63080457022.6599",
"Belize","BLZ","GDP (current US$)","NY.GDP.MKTP.CD","1879613600",
"Bermuda","BMU","GDP (current US$)","NY.GDP.MKTP.CD","",
"Bolivia","BOL","GDP (current US$)","NY.GDP.MKTP.CD","40895322865.4124",
"Brazil","BRA","GDP (current US$)","NY.GDP.MKTP.CD","1839758040765.62",
"Barbados","BRB","GDP (current US$)","NY.GDP.MKTP.CD","5209000000",
"Brunei Darussalam","BRN","GDP (current US$)","NY.GDP.MKTP.CD","13469422941.3919",
"Bhutan","BTN","GDP (current US$)","NY.GDP.MKTP.CD","",
"Botswana","BWA","GDP (current US$)","NY.GDP.MKTP.CD","18340510789.4272",
"Central African Republic","CAF","GDP (current US$)","NY.GDP.MKTP.CD","2220307368.69593",
"Canada","CAN","GDP (current US$)","NY.GDP.MKTP.CD","1736425629519.96",
"Central Europe and the Baltics","CEB","GDP (current US$)","NY.GDP.MKTP.CD","1656928913107.65",
"Switzerland","CHE","GDP (current US$)","NY.GDP.MKTP.CD","703082435360.117",
"Channel Islands","CHI","GDP (current US$)","NY.GDP.MKTP.CD","",
"Chile","CHL","GDP (current US$)","NY.GDP.MKTP.CD","282318159744.65",
"China","CHN","GDP (current US$)","NY.GDP.MKTP.CD","14342902842915.9",
"Cote d'Ivoire","CIV","GDP (current US$)","NY.GDP.MKTP.CD","58792205642.1538",
"Cameroon","CMR","GDP (current US$)","NY.GDP.MKTP.CD","38760467033.389",
"Congo, Dem. Rep.","COD","GDP (current US$)","NY.GDP.MKTP.CD","47319624204.0938",
"Congo, Rep.","COG","GDP (current US$)","NY.GDP.MKTP.CD","10820591130.7349",
"Colombia","COL","GDP (current US$)","NY.GDP.MKTP.CD","323802808108.246",
"Comoros","COM","GDP (current US$)","NY.GDP.MKTP.CD","1185728676.65112",
"Cabo Verde","CPV","GDP (current US$)","NY.GDP.MKTP.CD","1981845740.70615",
"Costa Rica","CRI","GDP (current US$)","NY.GDP.MKTP.CD","61773944173.6736",
"Caribbean small states","CSS","GDP (current US$)","NY.GDP.MKTP.CD","76290373254.4853",
"Cuba","CUB","GDP (current US$)","NY.GDP.MKTP.CD","",
"Curacao","CUW","GDP (current US$)","NY.GDP.MKTP.CD","",
"Cayman Islands","CYM","GDP (current US$)","NY.GDP.MKTP.CD","",
"Cyprus","CYP","GDP (current US$)","NY.GDP.MKTP.CD","24564647934.6244",
"Czech Republic","CZE","GDP (current US$)","NY.GDP.MKTP.CD","246489245494.882",
"Germany","DEU","GDP (current US$)","NY.GDP.MKTP.CD","3845630030823.52",
"Djibouti","DJI","GDP (current US$)","NY.GDP.MKTP.CD","3318716359.44182",
"Dominica","DMA","GDP (current US$)","NY.GDP.MKTP.CD","596033333.333333",
"Denmark","DNK","GDP (current US$)","NY.GDP.MKTP.CD","348078018463.905",
"Dominican Republic","DOM","GDP (current US$)","NY.GDP.MKTP.CD","88941298257.7215",
"Algeria","DZA","GDP (current US$)","NY.GDP.MKTP.CD","169988236398.126",
"East Asia & Pacific (excluding high income)","EAP","GDP (current US$)","NY.GDP.MKTP.CD","17214358920071.6",
"Early-demographic dividend","EAR","GDP (current US$)","NY.GDP.MKTP.CD","11981574482646.9",
"East Asia & Pacific","EAS","GDP (current US$)","NY.GDP.MKTP.CD","26979805534122.7",
"Europe & Central Asia (excluding high income)","ECA","GDP (current US$)","NY.GDP.MKTP.CD","3239459350297.98",
"Europe & Central Asia","ECS","GDP (current US$)","NY.GDP.MKTP.CD","22748788538189.8",
"Ecuador","ECU","GDP (current US$)","NY.GDP.MKTP.CD","107435665000",
"Egypt, Arab Rep.","EGY","GDP (current US$)","NY.GDP.MKTP.CD","303175127597.521",
"Euro area","EMU","GDP (current US$)","NY.GDP.MKTP.CD","13335843259019.7",
"Eritrea","ERI","GDP (current US$)","NY.GDP.MKTP.CD","",
"Spain","ESP","GDP (current US$)","NY.GDP.MKTP.CD","1394116310768.63",
"Estonia","EST","GDP (current US$)","NY.GDP.MKTP.CD","31386949981.236",
"Ethiopia","ETH","GDP (current US$)","NY.GDP.MKTP.CD","96107662398.1749",
"European Union","EUU","GDP (current US$)","NY.GDP.MKTP.CD","15592795166700.2",
"Fragile and conflict affected situations","FCS","GDP (current US$)","NY.GDP.MKTP.CD","1748172226307.84",
"Finland","FIN","GDP (current US$)","NY.GDP.MKTP.CD","268761201364.705",
"Fiji","FJI","GDP (current US$)","NY.GDP.MKTP.CD","5535548972.41252",
"France","FRA","GDP (current US$)","NY.GDP.MKTP.CD","2715518274227.45",
"Faroe Islands","FRO","GDP (current US$)","NY.GDP.MKTP.CD","",
"Micronesia, Fed. Sts.","FSM","GDP (current US$)","NY.GDP.MKTP.CD","",
"Gabon","GAB","GDP (current US$)","NY.GDP.MKTP.CD","16657960228.0892",
"United Kingdom","GBR","GDP (current US$)","NY.GDP.MKTP.CD","2827113184695.58",
"Georgia","GEO","GDP (current US$)","NY.GDP.MKTP.CD","17743195770.1998",
"Ghana","GHA","GDP (current US$)","NY.GDP.MKTP.CD","66983634223.943",
"Gibraltar","GIB","GDP (current US$)","NY.GDP.MKTP.CD","",
"Guinea","GIN","GDP (current US$)","NY.GDP.MKTP.CD","13590281808.6928",
"Gambia, The","GMB","GDP (current US$)","NY.GDP.MKTP.CD","1763819047.69838",
"Guinea-Bissau","GNB","GDP (current US$)","NY.GDP.MKTP.CD","1340389410.76003",
"Equatorial Guinea","GNQ","GDP (current US$)","NY.GDP.MKTP.CD","11026774945.3415",
"Greece","GRC","GDP (current US$)","NY.GDP.MKTP.CD","209852761468.681",
"Grenada","GRD","GDP (current US$)","NY.GDP.MKTP.CD","1228170370.37037",
"Greenland","GRL","GDP (current US$)","NY.GDP.MKTP.CD","",
"Guatemala","GTM","GDP (current US$)","NY.GDP.MKTP.CD","76710385879.6627",
"Guam","GUM","GDP (current US$)","NY.GDP.MKTP.CD","",
"Guyana","GUY","GDP (current US$)","NY.GDP.MKTP.CD","4280443645.08393",
"High income","HIC","GDP (current US$)","NY.GDP.MKTP.CD","55045371946278.3",
"Hong Kong SAR, China","HKG","GDP (current US$)","NY.GDP.MKTP.CD","366029556273.051",
"Honduras","HND","GDP (current US$)","NY.GDP.MKTP.CD","25095395475.0393",
"Heavily indebted poor countries (HIPC)","HPC","GDP (current US$)","NY.GDP.MKTP.CD","759266600603.65",
"Croatia","HRV","GDP (current US$)","NY.GDP.MKTP.CD","60415553038.8826",
"Haiti","HTI","GDP (current US$)","NY.GDP.MKTP.CD","8498981820.87012",
"Hungary","HUN","GDP (current US$)","NY.GDP.MKTP.CD","160967157503.612",
"IBRD only","IBD","GDP (current US$)","NY.GDP.MKTP.CD","31618204428931.7",
"IDA & IBRD total","IBT","GDP (current US$)","NY.GDP.MKTP.CD","33912132433932.9",
"IDA total","IDA","GDP (current US$)","NY.GDP.MKTP.CD","2301372398524.79",
"IDA blend","IDB","GDP (current US$)","NY.GDP.MKTP.CD","989721112790.581",
"Indonesia","IDN","GDP (current US$)","NY.GDP.MKTP.CD","1119190780752.8",
"IDA only","IDX","GDP (current US$)","NY.GDP.MKTP.CD","1315248865134.09",
"Isle of Man","IMN","GDP (current US$)","NY.GDP.MKTP.CD","",
"India","IND","GDP (current US$)","NY.GDP.MKTP.CD","2875142314811.85",
"Not classified","INX","GDP (current US$)","NY.GDP.MKTP.CD","",
"Ireland","IRL","GDP (current US$)","NY.GDP.MKTP.CD","388698711348.156",
"Iran, Islamic Rep.","IRN","GDP (current US$)","NY.GDP.MKTP.CD","",
"Iraq","IRQ","GDP (current US$)","NY.GDP.MKTP.CD","234094042938.917",
"Iceland","ISL","GDP (current US$)","NY.GDP.MKTP.CD","24188035738.7846",
"Israel","ISR","GDP (current US$)","NY.GDP.MKTP.CD","395098666121.616",
"Italy","ITA","GDP (current US$)","NY.GDP.MKTP.CD","2001244392041.57",
"Jamaica","JAM","GDP (current US$)","NY.GDP.MKTP.CD","16458071067.8176",
"Jordan","JOR","GDP (current US$)","NY.GDP.MKTP.CD","43743661971.831",
"Japan","JPN","GDP (current US$)","NY.GDP.MKTP.CD","5081769542379.77",
"Kazakhstan","KAZ","GDP (current US$)","NY.GDP.MKTP.CD","180161741180.147",
"Kenya","KEN","GDP (current US$)","NY.GDP.MKTP.CD","95503088538.092",
"Kyrgyz Republic","KGZ","GDP (current US$)","NY.GDP.MKTP.CD","8454619607.81795",
"Cambodia","KHM","GDP (current US$)","NY.GDP.MKTP.CD","27089389786.9684",
"Kiribati","KIR","GDP (current US$)","NY.GDP.MKTP.CD","194647201.946472",
"St. Kitts and Nevis","KNA","GDP (current US$)","NY.GDP.MKTP.CD","1050992592.59259",
"Korea, Rep.","KOR","GDP (current US$)","NY.GDP.MKTP.CD","1642383217167.26",
"Kuwait","KWT","GDP (current US$)","NY.GDP.MKTP.CD","134761198945.982",
"Latin America & Caribbean (excluding high income)","LAC","GDP (current US$)","NY.GDP.MKTP.CD","5136327518155.87",
"Lao PDR","LAO","GDP (current US$)","NY.GDP.MKTP.CD","18173839128.2699",
"Lebanon","LBN","GDP (current US$)","NY.GDP.MKTP.CD","53367042272.1725",
"Liberia","LBR","GDP (current US$)","NY.GDP.MKTP.CD","3070518100",
"Libya","LBY","GDP (current US$)","NY.GDP.MKTP.CD","52076250947.5792",
"St. Lucia","LCA","GDP (current US$)","NY.GDP.MKTP.CD","2122450629.62963",
"Latin America & Caribbean","LCN","GDP (current US$)","NY.GDP.MKTP.CD","5719252824663.02",
"Least developed countries: UN classification","LDC","GDP (current US$)","NY.GDP.MKTP.CD","1105397168763.63",
"Low income","LIC","GDP (current US$)","NY.GDP.MKTP.CD","521273843020.466",
"Liechtenstein","LIE","GDP (current US$)","NY.GDP.MKTP.CD","",
"Sri Lanka","LKA","GDP (current US$)","NY.GDP.MKTP.CD","84008783756.068",
"Lower middle income","LMC","GDP (current US$)","NY.GDP.MKTP.CD","6341105055559.54",
"Low & middle income","LMY","GDP (current US$)","NY.GDP.MKTP.CD","32705773165069.7",
"Lesotho","LSO","GDP (current US$)","NY.GDP.MKTP.CD","2460072443.62842",
"Late-demographic dividend","LTE","GDP (current US$)","NY.GDP.MKTP.CD","22985816197741.2",
"Lithuania","LTU","GDP (current US$)","NY.GDP.MKTP.CD","54219315600.0854",
"Luxembourg","LUX","GDP (current US$)","NY.GDP.MKTP.CD","71104919108.1411",
"Latvia","LVA","GDP (current US$)","NY.GDP.MKTP.CD","34117202555.0666",
"Macao SAR, China","MAC","GDP (current US$)","NY.GDP.MKTP.CD","53859116535.5306",
"St. Martin (French part)","MAF","GDP (current US$)","NY.GDP.MKTP.CD","",
"Morocco","MAR","GDP (current US$)","NY.GDP.MKTP.CD","118725279596.13",
"Monaco","MCO","GDP (current US$)","NY.GDP.MKTP.CD","",
"Moldova","MDA","GDP (current US$)","NY.GDP.MKTP.CD","11955435456.7957",
"Madagascar","MDG","GDP (current US$)","NY.GDP.MKTP.CD","14083906356.618",
"Maldives","MDV","GDP (current US$)","NY.GDP.MKTP.CD","5729248472.24028",
"Middle East & North Africa","MEA","GDP (current US$)","NY.GDP.MKTP.CD","3701386017855.84",
"Mexico","MEX","GDP (current US$)","NY.GDP.MKTP.CD","1258286717124.53",
"Marshall Islands","MHL","GDP (current US$)","NY.GDP.MKTP.CD","",
"Middle income","MIC","GDP (current US$)","NY.GDP.MKTP.CD","32165979692375.4",
"North Macedonia","MKD","GDP (current US$)","NY.GDP.MKTP.CD","12694823394.0947",
"Mali","MLI","GDP (current US$)","NY.GDP.MKTP.CD","17510141171.3403",
"Malta","MLT","GDP (current US$)","NY.GDP.MKTP.CD","14786156563.3046",
"Myanmar","MMR","GDP (current US$)","NY.GDP.MKTP.CD","76085852617.1371",
"Middle East & North Africa (excluding high income)","MNA","GDP (current US$)","NY.GDP.MKTP.CD","",
"Montenegro","MNE","GDP (current US$)","NY.GDP.MKTP.CD","5494736901.03",
"Mongolia","MNG","GDP (current US$)","NY.GDP.MKTP.CD","13852850259.4854",
"Northern Mariana Islands","MNP","GDP (current US$)","NY.GDP.MKTP.CD","",
"Mozambique","MOZ","GDP (current US$)","NY.GDP.MKTP.CD","14934159925.5234",
"Mauritania","MRT","GDP (current US$)","NY.GDP.MKTP.CD","7593752450.2055",
"Mauritius","MUS","GDP (current US$)","NY.GDP.MKTP.CD","14180444557.2047",
"Malawi","MWI","GDP (current US$)","NY.GDP.MKTP.CD","7666704427.00915",
"Malaysia","MYS","GDP (current US$)","NY.GDP.MKTP.CD","364701517787.844",
"North America","NAC","GDP (current US$)","NY.GDP.MKTP.CD","23117758029454.2",
"Namibia","NAM","GDP (current US$)","NY.GDP.MKTP.CD","12366527719.3322",
"New Caledonia","NCL","GDP (current US$)","NY.GDP.MKTP.CD","",
"Niger","NER","GDP (current US$)","NY.GDP.MKTP.CD","12928145120.0296",
"Nigeria","NGA","GDP (current US$)","NY.GDP.MKTP.CD","448120428858.769",
"Nicaragua","NIC","GDP (current US$)","NY.GDP.MKTP.CD","12520915291.1837",
"Netherlands","NLD","GDP (current US$)","NY.GDP.MKTP.CD","909070395160.783",
"Norway","NOR","GDP (current US$)","NY.GDP.MKTP.CD","403336363636.364",
"Nepal","NPL","GDP (current US$)","NY.GDP.MKTP.CD","30641380604.2984",
"Nauru","NRU","GDP (current US$)","NY.GDP.MKTP.CD","118223430.124446",
"New Zealand","NZL","GDP (current US$)","NY.GDP.MKTP.CD","206928765543.935",
"OECD members","OED","GDP (current US$)","NY.GDP.MKTP.CD","53581268885788.8",
"Oman","OMN","GDP (current US$)","NY.GDP.MKTP.CD","76983094928.4785",
"Other small states","OSS","GDP (current US$)","NY.GDP.MKTP.CD","438468157980.326",
"Pakistan","PAK","GDP (current US$)","NY.GDP.MKTP.CD","278221906022.841",
"Panama","PAN","GDP (current US$)","NY.GDP.MKTP.CD","66800800000",
"Peru","PER","GDP (current US$)","NY.GDP.MKTP.CD","226848050819.525",
"Philippines","PHL","GDP (current US$)","NY.GDP.MKTP.CD","376795508679.676",
"Palau","PLW","GDP (current US$)","NY.GDP.MKTP.CD","",
"Papua New Guinea","PNG","GDP (current US$)","NY.GDP.MKTP.CD","24969611434.7684",
"Poland","POL","GDP (current US$)","NY.GDP.MKTP.CD","592164400687.607",
"Pre-demographic dividend","PRE","GDP (current US$)","NY.GDP.MKTP.CD","1391261013601.99",
"Puerto Rico","PRI","GDP (current US$)","NY.GDP.MKTP.CD","104988600000",
"Korea, Dem. People’s Rep.","PRK","GDP (current US$)","NY.GDP.MKTP.CD","",
"Portugal","PRT","GDP (current US$)","NY.GDP.MKTP.CD","237686075634.698",
"Paraguay","PRY","GDP (current US$)","NY.GDP.MKTP.CD","38145288939.8488",
"West Bank and Gaza","PSE","GDP (current US$)","NY.GDP.MKTP.CD","",
"Pacific island small states","PSS","GDP (current US$)","NY.GDP.MKTP.CD","10456001896.8144",
"Post-demographic dividend","PST","GDP (current US$)","NY.GDP.MKTP.CD","50671271399767.3",
"French Polynesia","PYF","GDP (current US$)","NY.GDP.MKTP.CD","",
"Qatar","QAT","GDP (current US$)","NY.GDP.MKTP.CD","183466208791.209",
"Romania","ROU","GDP (current US$)","NY.GDP.MKTP.CD","250077444017.084",
"Russian Federation","RUS","GDP (current US$)","NY.GDP.MKTP.CD","1699876578871.35",
"Rwanda","RWA","GDP (current US$)","NY.GDP.MKTP.CD","10122472590.172",
"South Asia","SAS","GDP (current US$)","NY.GDP.MKTP.CD","3597970348647.58",
"Saudi Arabia","SAU","GDP (current US$)","NY.GDP.MKTP.CD","792966838161.659",
"Sudan","SDN","GDP (current US$)","NY.GDP.MKTP.CD","18902284475.6054",
"Senegal","SEN","GDP (current US$)","NY.GDP.MKTP.CD","23578084052.0147",
"Singapore","SGP","GDP (current US$)","NY.GDP.MKTP.CD","372062527488.638",
"Solomon Islands","SLB","GDP (current US$)","NY.GDP.MKTP.CD","1425074225.77798",
"Sierra Leone","SLE","GDP (current US$)","NY.GDP.MKTP.CD","3941474310.76913",
"El Salvador","SLV","GDP (current US$)","NY.GDP.MKTP.CD","27022640000",
"San Marino","SMR","GDP (current US$)","NY.GDP.MKTP.CD","",
"Somalia","SOM","GDP (current US$)","NY.GDP.MKTP.CD","",
"Serbia","SRB","GDP (current US$)","NY.GDP.MKTP.CD","51409167350.7548",
"Sub-Saharan Africa (excluding high income)","SSA","GDP (current US$)","NY.GDP.MKTP.CD","1739115379284.58",
"South Sudan","SSD","GDP (current US$)","NY.GDP.MKTP.CD","",
"Sub-Saharan Africa","SSF","GDP (current US$)","NY.GDP.MKTP.CD","1755011419750.85",
"Small states","SST","GDP (current US$)","NY.GDP.MKTP.CD","525221276646.776",
"Sao Tome and Principe","STP","GDP (current US$)","NY.GDP.MKTP.CD","429016605.208205",
"Suriname","SUR","GDP (current US$)","NY.GDP.MKTP.CD","3985250737.46313",
"Slovak Republic","SVK","GDP (current US$)","NY.GDP.MKTP.CD","105422304975.576",
"Slovenia","SVN","GDP (current US$)","NY.GDP.MKTP.CD","53742159516.9278",
"Sweden","SWE","GDP (current US$)","NY.GDP.MKTP.CD","530832908737.862",
"Eswatini","SWZ","GDP (current US$)","NY.GDP.MKTP.CD","4405405802.44294",
"Sint Maarten (Dutch part)","SXM","GDP (current US$)","NY.GDP.MKTP.CD","",
"Seychelles","SYC","GDP (current US$)","NY.GDP.MKTP.CD","1698843062.76141",
"Syrian Arab Republic","SYR","GDP (current US$)","NY.GDP.MKTP.CD","",
"Turks and Caicos Islands","TCA","GDP (current US$)","NY.GDP.MKTP.CD","",
"Chad","TCD","GDP (current US$)","NY.GDP.MKTP.CD","11314951342.7807",
"East Asia & Pacific (IDA & IBRD countries)","TEA","GDP (current US$)","NY.GDP.MKTP.CD","17181503825380.8",
"Europe & Central Asia (IDA & IBRD countries)","TEC","GDP (current US$)","NY.GDP.MKTP.CD","4142093595765.05",
"Togo","TGO","GDP (current US$)","NY.GDP.MKTP.CD","5459979416.66908",
"Thailand","THA","GDP (current US$)","NY.GDP.MKTP.CD","543649976165.63",
"Tajikistan","TJK","GDP (current US$)","NY.GDP.MKTP.CD","8116626794.25837",
"Turkmenistan","TKM","GDP (current US$)","NY.GDP.MKTP.CD","",
"Latin America & the Caribbean (IDA & IBRD countries)","TLA","GDP (current US$)","NY.GDP.MKTP.CD","5474751287356.85",
"Timor-Leste","TLS","GDP (current US$)","NY.GDP.MKTP.CD","1673540300",
"Middle East & North Africa (IDA & IBRD countries)","TMN","GDP (current US$)","NY.GDP.MKTP.CD","",
"Tonga","TON","GDP (current US$)","NY.GDP.MKTP.CD","",
"South Asia (IDA & IBRD)","TSA","GDP (current US$)","NY.GDP.MKTP.CD","3597970348647.58",
"Sub-Saharan Africa (IDA & IBRD countries)","TSS","GDP (current US$)","NY.GDP.MKTP.CD","1755011419750.84",
"Trinidad and Tobago","TTO","GDP (current US$)","NY.GDP.MKTP.CD","24100202833.7504",
"Tunisia","TUN","GDP (current US$)","NY.GDP.MKTP.CD","38797709923.6641",
"Turkey","TUR","GDP (current US$)","NY.GDP.MKTP.CD","754411708202.616",
"Tuvalu","TUV","GDP (current US$)","NY.GDP.MKTP.CD","47271463.3298575",
"Tanzania","TZA","GDP (current US$)","NY.GDP.MKTP.CD","63177068174.549",
"Uganda","UGA","GDP (current US$)","NY.GDP.MKTP.CD","34387229486.4008",
"Ukraine","UKR","GDP (current US$)","NY.GDP.MKTP.CD","153781069118.148",
"Upper middle income","UMC","GDP (current US$)","NY.GDP.MKTP.CD","25817130358727.9",
"Uruguay","URY","GDP (current US$)","NY.GDP.MKTP.CD","56045912952.342",
"United States","USA","GDP (current US$)","NY.GDP.MKTP.CD","21374418877706.7",
"Uzbekistan","UZB","GDP (current US$)","NY.GDP.MKTP.CD","57921286440.3495",
"St. Vincent and the Grenadines","VCT","GDP (current US$)","NY.GDP.MKTP.CD","825385185.185185",
"Venezuela, RB","VEN","GDP (current US$)","NY.GDP.MKTP.CD","",
"British Virgin Islands","VGB","GDP (current US$)","NY.GDP.MKTP.CD","",
"Virgin Islands (U.S.)","VIR","GDP (current US$)","NY.GDP.MKTP.CD","",
"Vietnam","VNM","GDP (current US$)","NY.GDP.MKTP.CD","261921244843.172",
"Vanuatu","VUT","GDP (current US$)","NY.GDP.MKTP.CD","917058850.816563",
"World","WLD","GDP (current US$)","NY.GDP.MKTP.CD","87697518999809",
"Samoa","WSM","GDP (current US$)","NY.GDP.MKTP.CD","850655017.220488",
"Kosovo","XKX","GDP (current US$)","NY.GDP.MKTP.CD","7926108374.38424",
"Yemen, Rep.","YEM","GDP (current US$)","NY.GDP.MKTP.CD","",
"South Africa","ZAF","GDP (current US$)","NY.GDP.MKTP.CD","351431649241.439",
"Zambia","ZMB","GDP (current US$)","NY.GDP.MKTP.CD","23064722446.3513",
"Zimbabwe","ZWE","GDP (current US$)","NY.GDP.MKTP.CD","21440758800",
