country_name,country_code,year,"GNI, PPP (current international $)"
Afghanistan,AFG,2010,50011958157.3092
Afghanistan,AFG,2011,51128371957.0037
Afghanistan,AFG,2012,59760957551.4133
Afghanistan,AFG,2013,65266760469.2683
Afghanistan,AFG,2014,69050351843.9249
Afghanistan,AFG,2015,72481076024.3345
Afghanistan,AFG,2016,70796494471.4959
Afghanistan,AFG,2017,75695088352.0683
Afghanistan,AFG,2018,78246825056.7021
Afghanistan,AFG,2019,83338025782.5507
Afghanistan,AFG,2020,
Albania,ALB,2010,27788453990.6953
Albania,ALB,2011,29662624695.9106
Albania,ALB,2012,30304881881.9107
Albania,ALB,2013,31131627755.4839
Albania,ALB,2014,32830050127.2819
Albania,ALB,2015,33981492263.6927
Albania,ALB,2016,35305524051.5747
Albania,ALB,2017,36910290602.2045
Albania,ALB,2018,40009317129.0192
Albania,ALB,2019,41256932186.8791
Albania,ALB,2020,
Algeria,DZA,2010,470000675901.051
Algeria,DZA,2011,489707117050.31604
Algeria,DZA,2012,488117181091.50397
Algeria,DZA,2013,487239914887.224
Algeria,DZA,2014,494727795289.635
Algeria,DZA,2015,464588484037.49896
Algeria,DZA,2016,466771786823.2
Algeria,DZA,2017,478402210309.423
Algeria,DZA,2018,490917462144.424
Algeria,DZA,2019,504791012225.947
Algeria,DZA,2020,
Andorra,AND,2010,
Andorra,AND,2011,
Andorra,AND,2012,
Andorra,AND,2013,
Andorra,AND,2014,
Andorra,AND,2015,
Andorra,AND,2016,
Andorra,AND,2017,
Andorra,AND,2018,
Andorra,AND,2019,
Andorra,AND,2020,
Angola,AGO,2010,139021744321.951
Angola,AGO,2011,148439198180.964
Angola,AGO,2012,170976257471.015
Angola,AGO,2013,185392055550.40698
Angola,AGO,2014,206980822098.846
Angola,AGO,2015,194201091488.512
Angola,AGO,2016,194190315018.692
Angola,AGO,2017,204590018767.27103
Angola,AGO,2018,201919302150.64603
Angola,AGO,2019,202919152641.785
Angola,AGO,2020,
Antigua and Barbuda,ATG,2010,1770640004.0536199
Antigua and Barbuda,ATG,2011,1760071676.80133
Antigua and Barbuda,ATG,2012,1713287781.8074
Antigua and Barbuda,ATG,2013,1663882354.66843
Antigua and Barbuda,ATG,2014,1676616005.88215
Antigua and Barbuda,ATG,2015,1658065094.13568
Antigua and Barbuda,ATG,2016,1755596324.44791
Antigua and Barbuda,ATG,2017,1791695103.4755
Antigua and Barbuda,ATG,2018,1981554449.75263
Antigua and Barbuda,ATG,2019,2115405841.9157898
Antigua and Barbuda,ATG,2020,
Argentina,ARG,2010,711419160853.369
Argentina,ARG,2011,774596879587.266
Argentina,ARG,2012,799048894124.435
Argentina,ARG,2013,829354154809.18
Argentina,ARG,2014,821363404158.217
Argentina,ARG,2015,849527597209.51
Argentina,ARG,2016,865869191296.284
Argentina,ARG,2017,1012879734310.32
Argentina,ARG,2018,1000023342290.11
Argentina,ARG,2019,993942699975.1641
Argentina,ARG,2020,
Armenia,ARM,2010,22666908341.8178
Armenia,ARM,2011,23905121367.1988
Armenia,ARM,2012,28085043286.0165
Armenia,ARM,2013,30249264888.7339
Armenia,ARM,2014,30546350169.5526
Armenia,ARM,2015,30350856297.5624
Armenia,ARM,2016,32159779382.3081
Armenia,ARM,2017,36937299281.0248
Armenia,ARM,2018,39120612786.7074
Armenia,ARM,2019,42873618809.4117
Armenia,ARM,2020,
Australia,AUS,2010,832240016077.021
Australia,AUS,2011,899875053935.933
Australia,AUS,2012,943990546160.514
Australia,AUS,2013,1035222299693.94
Australia,AUS,2014,1071746498596.55
Australia,AUS,2015,1079868167750.23
Australia,AUS,2016,1118099707893.5
Australia,AUS,2017,1163905033398.26
Australia,AUS,2018,1243165343710.48
Australia,AUS,2019,1310794459756.96
Australia,AUS,2020,
Austria,AUT,2010,354551136714.721
Austria,AUT,2011,374289188740.567
Austria,AUT,2012,392030460346.489
Austria,AUT,2013,407466618825.43896
Austria,AUT,2014,417609480255.935
Austria,AUT,2015,426732539405.34296
Austria,AUT,2016,460248078658.205
Austria,AUT,2017,473602600246.97705
Austria,AUT,2018,515538265464.552
Austria,AUT,2019,539009445797.95795
Austria,AUT,2020,
Azerbaijan,AZE,2010,126293927376.559
Azerbaijan,AZE,2011,125796646904.165
Azerbaijan,AZE,2012,139255987866.21
Azerbaijan,AZE,2013,152856083251.662
Azerbaijan,AZE,2014,160621518912.43698
Azerbaijan,AZE,2015,138638584391.013
Azerbaijan,AZE,2016,131075186140.226
Azerbaijan,AZE,2017,133161462622.119
Azerbaijan,AZE,2018,137128021530.42401
Azerbaijan,AZE,2019,144296281005.428
Azerbaijan,AZE,2020,
"Bahamas, The",BHS,2010,10810930837.4997
"Bahamas, The",BHS,2011,11125447356.4103
"Bahamas, The",BHS,2012,11592295606.9315
"Bahamas, The",BHS,2013,11664057031.2262
"Bahamas, The",BHS,2014,11803438328.4279
"Bahamas, The",BHS,2015,12077336447.0334
"Bahamas, The",BHS,2016,12431913675.4873
"Bahamas, The",BHS,2017,13456760112.3046
"Bahamas, The",BHS,2018,13857796359.8491
"Bahamas, The",BHS,2019,14573094718.7335
"Bahamas, The",BHS,2020,
Bahrain,BHR,2010,52795240415.678
Bahrain,BHR,2011,52634201219.1065
Bahrain,BHR,2012,63717186823.4415
Bahrain,BHR,2013,65227977632.6593
Bahrain,BHR,2014,64937397694.8038
Bahrain,BHR,2015,59027883384.9117
Bahrain,BHR,2016,60275901158.781
Bahrain,BHR,2017,67284010435.2343
Bahrain,BHR,2018,70220133114.7865
Bahrain,BHR,2019,72618511153.922
Bahrain,BHR,2020,
Bangladesh,BGD,2010,389103736781.87604
Bangladesh,BGD,2011,422196099681.02203
Bangladesh,BGD,2012,481140590082.247
Bangladesh,BGD,2013,518842425889.08295
Bangladesh,BGD,2014,555106922287.902
Bangladesh,BGD,2015,591636233914.1179
Bangladesh,BGD,2016,643070206340.889
Bangladesh,BGD,2017,692953262569.39
Bangladesh,BGD,2018,767585722054.335
Bangladesh,BGD,2019,847725068478.8009
Bangladesh,BGD,2020,
Barbados,BRB,2010,4437707800.362761
Barbados,BRB,2011,4316589791.49889
Barbados,BRB,2012,4181013706.50134
Barbados,BRB,2013,4178206525.47126
Barbados,BRB,2014,4140648057.77415
Barbados,BRB,2015,4225737707.64073
Barbados,BRB,2016,4350024546.28767
Barbados,BRB,2017,4316152743.33284
Barbados,BRB,2018,4394031470.49306
Barbados,BRB,2019,4526365191.90051
Barbados,BRB,2020,
Belarus,BLR,2010,142835099049.367
Belarus,BLR,2011,153208172866.978
Belarus,BLR,2012,167125617328.764
Belarus,BLR,2013,172894457423.035
Belarus,BLR,2014,173994190973.455
Belarus,BLR,2015,163630254654.451
Belarus,BLR,2016,160606261472.775
Belarus,BLR,2017,167024751964.67902
Belarus,BLR,2018,176904878327.251
Belarus,BLR,2019,183698026692.51602
Belarus,BLR,2020,
Belgium,BEL,2010,441080037419.22205
Belgium,BEL,2011,452655752838.94604
Belgium,BEL,2012,480620383220.801
Belgium,BEL,2013,499349513623.745
Belgium,BEL,2014,514186705056.39703
Belgium,BEL,2015,528249820624.552
Belgium,BEL,2016,555959647175.261
Belgium,BEL,2017,580820911448.398
Belgium,BEL,2018,626890709844.6221
Belgium,BEL,2019,655170792492.929
Belgium,BEL,2020,
Belize,BLZ,2010,2193724355.53615
Belize,BLZ,2011,2368948000.5339103
Belize,BLZ,2012,2264205996.53674
Belize,BLZ,2013,2309915950.52433
Belize,BLZ,2014,2323837806.54418
Belize,BLZ,2015,2470411871.19312
Belize,BLZ,2016,2479820987.15139
Belize,BLZ,2017,2489191260.2487
Belize,BLZ,2018,2522166903.4313397
Belize,BLZ,2019,2614817747.2041397
Belize,BLZ,2020,
Benin,BEN,2010,21626033958.4634
Benin,BEN,2011,22827277379.615
Benin,BEN,2012,24162896617.311
Benin,BEN,2013,26561886938.3552
Benin,BEN,2014,29012509444.3848
Benin,BEN,2015,30282958642.7141
Benin,BEN,2016,32384504143.6299
Benin,BEN,2017,33647417490.4049
Benin,BEN,2018,36807579149.0243
Benin,BEN,2019,40106880016.6186
Benin,BEN,2020,
Bhutan,BTN,2010,4327633174.04573
Bhutan,BTN,2011,4733983718.26042
Bhutan,BTN,2012,5108157657.00653
Bhutan,BTN,2013,5275721526.07621
Bhutan,BTN,2014,5790544513.851521
Bhutan,BTN,2015,6422593662.27931
Bhutan,BTN,2016,7042038049.76
Bhutan,BTN,2017,7585887017.972891
Bhutan,BTN,2018,7980597036.78953
Bhutan,BTN,2019,8573331039.92145
Bhutan,BTN,2020,
Bolivia,BOL,2010,49573288757.2582
Bolivia,BOL,2011,53471345616.6341
Bolivia,BOL,2012,57756234189.8845
Bolivia,BOL,2013,65495334651.9116
Bolivia,BOL,2014,71666096548.3735
Bolivia,BOL,2015,74894854641.2025
Bolivia,BOL,2016,81222638742.541
Bolivia,BOL,2017,91495898239.9634
Bolivia,BOL,2018,98223521478.584
Bolivia,BOL,2019,102800331719.791
Bolivia,BOL,2020,
Bosnia and Herzegovina,BIH,2010,35230841894.0834
Bosnia and Herzegovina,BIH,2011,36818985651.3562
Bosnia and Herzegovina,BIH,2012,37436721354.0195
Bosnia and Herzegovina,BIH,2013,39546436389.2136
Bosnia and Herzegovina,BIH,2014,40136595465.1661
Bosnia and Herzegovina,BIH,2015,41468504213.2213
Bosnia and Herzegovina,BIH,2016,44324206259.1478
Bosnia and Herzegovina,BIH,2017,46076772826.3708
Bosnia and Herzegovina,BIH,2018,51000303599.5911
Bosnia and Herzegovina,BIH,2019,53736765969.0722
Bosnia and Herzegovina,BIH,2020,
Botswana,BWA,2010,25205757693.1543
Botswana,BWA,2011,28096541037.8299
Botswana,BWA,2012,27303360033.361
Botswana,BWA,2013,29010796380.3206
Botswana,BWA,2014,33058095795.822002
Botswana,BWA,2015,31933313901.3939
Botswana,BWA,2016,34206345775.1994
Botswana,BWA,2017,35058587014.1627
Botswana,BWA,2018,37266076873.3799
Botswana,BWA,2019,39492596031.7982
Botswana,BWA,2020,
Brazil,BRA,2010,2712167338456.5
Brazil,BRA,2011,2894294561187.89
Brazil,BRA,2012,2923719823241.04
Brazil,BRA,2013,3090347659210.83
Brazil,BRA,2014,3127764536961.12
Brazil,BRA,2015,2958026429307.17
Brazil,BRA,2016,2876740136507.09
Brazil,BRA,2017,2961280980576.57
Brazil,BRA,2018,3043390537931.72
Brazil,BRA,2019,3143422016727.75
Brazil,BRA,2020,
Brunei Darussalam,BRN,2010,30970850502.4412
Brunei Darussalam,BRN,2011,32155106321.3359
Brunei Darussalam,BRN,2012,34364760477.9712
Brunei Darussalam,BRN,2013,33509559006.4759
Brunei Darussalam,BRN,2014,33313972350.9287
Brunei Darussalam,BRN,2015,27254603848.3947
Brunei Darussalam,BRN,2016,25364170400.1577
Brunei Darussalam,BRN,2017,27428959648.7296
Brunei Darussalam,BRN,2018,26699569467.4562
Brunei Darussalam,BRN,2019,28850758087.8887
Brunei Darussalam,BRN,2020,
Bulgaria,BGR,2010,107738292765.97699
Bulgaria,BGR,2011,111508534795.394
Bulgaria,BGR,2012,117115894612.517
Bulgaria,BGR,2013,117860271663.59
Bulgaria,BGR,2014,125766220513.41699
Bulgaria,BGR,2015,127557898584.715
Bulgaria,BGR,2016,138248065492.536
Bulgaria,BGR,2017,148130198104.651
Bulgaria,BGR,2018,160817131822.367
Bulgaria,BGR,2019,173704081183.63
Bulgaria,BGR,2020,
Burkina Faso,BFA,2010,22740240436.9381
Burkina Faso,BFA,2011,24485121959.0513
Burkina Faso,BFA,2012,26157122985.3763
Burkina Faso,BFA,2013,27958185156.6621
Burkina Faso,BFA,2014,28468442315.1301
Burkina Faso,BFA,2015,29619149700.6198
Burkina Faso,BFA,2016,33766175223.7979
Burkina Faso,BFA,2017,37765264713.5699
Burkina Faso,BFA,2018,41074535712.0897
Burkina Faso,BFA,2019,44305023527.1847
Burkina Faso,BFA,2020,
Burundi,BDI,2010,5721809553.380179
Burundi,BDI,2011,6061708967.249371
Burundi,BDI,2012,6368259239.237929
Burundi,BDI,2013,7074395514.84014
Burundi,BDI,2014,7630235753.1728
Burundi,BDI,2015,8546596103.6737
Burundi,BDI,2016,8355961626.26465
Burundi,BDI,2017,8362807306.072591
Burundi,BDI,2018,8735147301.96939
Burundi,BDI,2019,9072309838.02883
Burundi,BDI,2020,
Cabo Verde,CPV,2010,2681117810.12064
Cabo Verde,CPV,2011,2859939245.12912
Cabo Verde,CPV,2012,2814067315.42606
Cabo Verde,CPV,2013,2860973891.1569
Cabo Verde,CPV,2014,2830720284.50257
Cabo Verde,CPV,2015,3029167495.53556
Cabo Verde,CPV,2016,3238655861.73701
Cabo Verde,CPV,2017,3447518123.5678
Cabo Verde,CPV,2018,3733330399.5583296
Cabo Verde,CPV,2019,4030485007.50209
Cabo Verde,CPV,2020,
Cambodia,KHM,2010,33148868045.2736
Cambodia,KHM,2011,36196062670.2364
Cambodia,KHM,2012,40199856424.6254
Cambodia,KHM,2013,43802730490.9686
Cambodia,KHM,2014,46099725658.5717
Cambodia,KHM,2015,49377507801.9442
Cambodia,KHM,2016,54385763728.0482
Cambodia,KHM,2017,58986036499.7483
Cambodia,KHM,2018,64567225380.5351
Cambodia,KHM,2019,71196229116.5427
Cambodia,KHM,2020,
Cameroon,CMR,2010,54002042434.1044
Cameroon,CMR,2011,57392868093.6708
Cameroon,CMR,2012,60411127308.0801
Cameroon,CMR,2013,65020260624.0553
Cameroon,CMR,2014,71651218352.3963
Cameroon,CMR,2015,74891827392.5734
Cameroon,CMR,2016,80077228864.72
Cameroon,CMR,2017,85671150257.274
Cameroon,CMR,2018,91301421923.7163
Cameroon,CMR,2019,96533547073.0486
Cameroon,CMR,2020,
Canada,CAN,2010,1337120334443.83
Canada,CAN,2011,1403781260484.68
Canada,CAN,2012,1442044757903.5
Canada,CAN,2013,1530453431372.55
Canada,CAN,2014,1595196682591.57
Canada,CAN,2015,1570419104485.27
Canada,CAN,2016,1657591887626.39
Canada,CAN,2017,1751414383845.06
Canada,CAN,2018,1863330665143.28
Canada,CAN,2019,1922206870040.45
Canada,CAN,2020,
Central African Republic,CAF,2010,4225494331.43784
Central African Republic,CAF,2011,4492422406.61788
Central African Republic,CAF,2012,4910903587.892071
Central African Republic,CAF,2013,3314143517.70327
Central African Republic,CAF,2014,3249088436.3807397
Central African Republic,CAF,2015,3580087008.65921
Central African Republic,CAF,2016,3910067806.77701
Central African Republic,CAF,2017,4409011233.54022
Central African Republic,CAF,2018,4793212655.882529
Central African Republic,CAF,2019,5031430628.10779
Central African Republic,CAF,2020,
Chad,TCD,2010,21024060933.2115
Chad,TCD,2011,21644734483.3347
Chad,TCD,2012,21591587636.4981
Chad,TCD,2013,19796873664.8052
Chad,TCD,2014,21921934523.2352
Chad,TCD,2015,24904346467.7966
Chad,TCD,2016,23791406629.63
Chad,TCD,2017,23520168178.8231
Chad,TCD,2018,24627186348.43
Chad,TCD,2019,25900434302.7093
Chad,TCD,2020,
Chile,CHL,2010,288017255793.192
Chile,CHL,2011,329368731234.727
Chile,CHL,2012,356585691606.824
Chile,CHL,2013,374348201436.925
Chile,CHL,2014,389162444827.984
Chile,CHL,2015,395591149620.39294
Chile,CHL,2016,413459451742.71
Chile,CHL,2017,434664132270.266
Chile,CHL,2018,457284067800.579
Chile,CHL,2019,491182507526.21295
Chile,CHL,2020,
China,CHN,2010,12325788357965.7
China,CHN,2011,13715341860797.1
China,CHN,2012,15089408821877.8
China,CHN,2013,16053445265526.1
China,CHN,2014,17143013848523.0
China,CHN,2015,17729512180415.4
China,CHN,2016,18637217031966.2
China,CHN,2017,19871384207289.5
China,CHN,2018,21629318939738.3
China,CHN,2019,23467895463025.1
China,CHN,2020,
Colombia,COL,2010,467552032486.97705
Colombia,COL,2011,507216374248.229
Colombia,COL,2012,532681024405.23206
Colombia,COL,2013,571015950345.544
Colombia,COL,2014,606448118177.276
Colombia,COL,2015,621482821087.166
Colombia,COL,2016,660432724687.81
Colombia,COL,2017,682766538452.374
Colombia,COL,2018,728759628611.845
Colombia,COL,2019,780846235731.1371
Colombia,COL,2020,
Comoros,COM,2010,1552343824.83108
Comoros,COM,2011,1650025527.79945
Comoros,COM,2012,1814962014.89785
Comoros,COM,2013,1955354402.0204198
Comoros,COM,2014,2065846271.75344
Comoros,COM,2015,2114908310.93723
Comoros,COM,2016,2290518423.87202
Comoros,COM,2017,2481555639.3609
Comoros,COM,2018,2629908705.49368
Comoros,COM,2019,2730498494.56536
Comoros,COM,2020,
"Congo, Dem. Rep.",COD,2010,39199375964.6082
"Congo, Dem. Rep.",COD,2011,42414784447.7013
"Congo, Dem. Rep.",COD,2012,43696967208.4135
"Congo, Dem. Rep.",COD,2013,49142683507.8545
"Congo, Dem. Rep.",COD,2014,57377953169.2351
"Congo, Dem. Rep.",COD,2015,63954295208.2057
"Congo, Dem. Rep.",COD,2016,74312567452.9388
"Congo, Dem. Rep.",COD,2017,83831229357.8051
"Congo, Dem. Rep.",COD,2018,90953663636.116
"Congo, Dem. Rep.",COD,2019,96667365246.7011
"Congo, Dem. Rep.",COD,2020,
"Congo, Rep.",COG,2010,21253622379.3552
"Congo, Rep.",COG,2011,21473477747.3796
"Congo, Rep.",COG,2012,27030818565.0556
"Congo, Rep.",COG,2013,27413068503.0748
"Congo, Rep.",COG,2014,28304384999.4875
"Congo, Rep.",COG,2015,22525682487.8446
"Congo, Rep.",COG,2016,18613149352.8491
"Congo, Rep.",COG,2017,21067171138.6444
"Congo, Rep.",COG,2018,17852307969.4025
"Congo, Rep.",COG,2019,16040562008.9331
"Congo, Rep.",COG,2020,
Costa Rica,CRI,2010,56358853435.9805
Costa Rica,CRI,2011,59912146076.3814
Costa Rica,CRI,2012,63956459017.0707
Costa Rica,CRI,2013,66885378676.1451
Costa Rica,CRI,2014,71737908299.0027
Costa Rica,CRI,2015,76862312605.2469
Costa Rica,CRI,2016,87211236261.7859
Costa Rica,CRI,2017,92889836772.7661
Costa Rica,CRI,2018,96331464183.7484
Costa Rica,CRI,2019,103311030564.185
Costa Rica,CRI,2020,
Cote d'Ivoire,CIV,2010,49892838646.3495
Cote d'Ivoire,CIV,2011,48585323041.8884
Cote d'Ivoire,CIV,2012,54762839531.1921
Cote d'Ivoire,CIV,2013,59653079619.2815
Cote d'Ivoire,CIV,2014,69008798623.8581
Cote d'Ivoire,CIV,2015,105692768632.425
Cote d'Ivoire,CIV,2016,110081941651.056
Cote d'Ivoire,CIV,2017,114536013131.385
Cote d'Ivoire,CIV,2018,124352178127.055
Cote d'Ivoire,CIV,2019,136241482746.69
Cote d'Ivoire,CIV,2020,
Croatia,HRV,2010,82217423903.4294
Croatia,HRV,2011,86149863146.886
Croatia,HRV,2012,87276714050.4224
Croatia,HRV,2013,90991209316.4888
Croatia,HRV,2014,91545238334.3689
Croatia,HRV,2015,96099799821.5961
Croatia,HRV,2016,100737000853.415
Croatia,HRV,2017,109263958390.078
Croatia,HRV,2018,118648697593.45
Croatia,HRV,2019,124701653986.637
Croatia,HRV,2020,
Cuba,CUB,2010,
Cuba,CUB,2011,
Cuba,CUB,2012,
Cuba,CUB,2013,
Cuba,CUB,2014,
Cuba,CUB,2015,
Cuba,CUB,2016,
Cuba,CUB,2017,
Cuba,CUB,2018,
Cuba,CUB,2019,
Cuba,CUB,2020,
Cyprus,CYP,2010,27348054209.6462
Cyprus,CYP,2011,29092442963.1335
Cyprus,CYP,2012,27312758664.1543
Cyprus,CYP,2013,25872180532.9173
Cyprus,CYP,2014,24959021032.2365
Cyprus,CYP,2015,26792453414.3002
Cyprus,CYP,2016,29204414334.3747
Cyprus,CYP,2017,31738711598.7501
Cyprus,CYP,2018,34939491970.2587
Cyprus,CYP,2019,36190837213.7275
Cyprus,CYP,2020,
Czech Republic,CZE,2010,270389674043.368
Czech Republic,CZE,2011,279834668447.068
Czech Republic,CZE,2012,287718348866.221
Czech Republic,CZE,2013,303447928479.576
Czech Republic,CZE,2014,318616318237.674
Czech Republic,CZE,2015,332984669940.748
Czech Republic,CZE,2016,355688613136.584
Czech Republic,CZE,2017,389278230554.15796
Czech Republic,CZE,2018,425432287860.336
Czech Republic,CZE,2019,443570146786.803
Czech Republic,CZE,2020,
Denmark,DNK,2010,242654723867.821
Denmark,DNK,2011,252568140433.285
Denmark,DNK,2012,256181803182.809
Denmark,DNK,2013,270675687839.01102
Denmark,DNK,2014,280163778604.424
Denmark,DNK,2015,287305055728.283
Denmark,DNK,2016,305037277594.345
Denmark,DNK,2017,324289330237.964
Denmark,DNK,2018,351155201917.46
Denmark,DNK,2019,371945462765.35
Denmark,DNK,2020,
Djibouti,DJI,2010,
Djibouti,DJI,2011,
Djibouti,DJI,2012,
Djibouti,DJI,2013,3715087653.6621704
Djibouti,DJI,2014,4036230825.66616
Djibouti,DJI,2015,4429309389.07182
Djibouti,DJI,2016,4597475415.7157
Djibouti,DJI,2017,4817795003.66086
Djibouti,DJI,2018,5293223658.55646
Djibouti,DJI,2019,5468032070.02483
Djibouti,DJI,2020,
Dominica,DMA,2010,696454257.616343
Dominica,DMA,2011,708014383.2130691
Dominica,DMA,2012,679255897.176841
Dominica,DMA,2013,700295621.0210099
Dominica,DMA,2014,750737430.525807
Dominica,DMA,2015,761036723.992605
Dominica,DMA,2016,829614493.9901791
Dominica,DMA,2017,789737770.599692
Dominica,DMA,2018,848226539.6561179
Dominica,DMA,2019,879713928.246308
Dominica,DMA,2020,
Dominican Republic,DOM,2010,106664749894.62599
Dominican Republic,DOM,2011,111947846564.42699
Dominican Republic,DOM,2012,113509260614.206
Dominican Republic,DOM,2013,119474404424.229
Dominican Republic,DOM,2014,130353464759.375
Dominican Republic,DOM,2015,145305629782.677
Dominican Republic,DOM,2016,160306361207.653
Dominican Republic,DOM,2017,167596561470.635
Dominican Republic,DOM,2018,184144900952.73602
Dominican Republic,DOM,2019,196560601301.995
Dominican Republic,DOM,2020,
Ecuador,ECU,2010,134421320331.00801
Ecuador,ECU,2011,147884749634.534
Ecuador,ECU,2012,157237893147.298
Ecuador,ECU,2013,172690001154.939
Ecuador,ECU,2014,184012416071.37802
Ecuador,ECU,2015,176187957797.99698
Ecuador,ECU,2016,178667324026.587
Ecuador,ECU,2017,190676436568.08
Ecuador,ECU,2018,197015570306.07
Ecuador,ECU,2019,200559348703.535
Ecuador,ECU,2020,
"Egypt, Arab Rep.",EGY,2010,772386697348.083
"Egypt, Arab Rep.",EGY,2011,797765801524.506
"Egypt, Arab Rep.",EGY,2012,936405442609.5559
"Egypt, Arab Rep.",EGY,2013,966549119173.092
"Egypt, Arab Rep.",EGY,2014,961846565220.621
"Egypt, Arab Rep.",EGY,2015,1045815284633.65
"Egypt, Arab Rep.",EGY,2016,1042867889031.84
"Egypt, Arab Rep.",EGY,2017,1041678981890.3
"Egypt, Arab Rep.",EGY,2018,1117149662631.37
"Egypt, Arab Rep.",EGY,2019,1188354578676.17
"Egypt, Arab Rep.",EGY,2020,
El Salvador,SLV,2010,36783691453.9384
El Salvador,SLV,2011,38932410516.2398
El Salvador,SLV,2012,39142596607.7615
El Salvador,SLV,2013,41152379901.0921
El Salvador,SLV,2014,43447101892.993
El Salvador,SLV,2015,45817642299.8659
El Salvador,SLV,2016,48462178672.0867
El Salvador,SLV,2017,51005491573.6496
El Salvador,SLV,2018,53476192355.643
El Salvador,SLV,2019,56283912751.1014
El Salvador,SLV,2020,
Equatorial Guinea,GNQ,2010,18263922392.4353
Equatorial Guinea,GNQ,2011,21889346128.883
Equatorial Guinea,GNQ,2012,25687593216.8693
Equatorial Guinea,GNQ,2013,25581464599.311
Equatorial Guinea,GNQ,2014,25707960045.8039
Equatorial Guinea,GNQ,2015,21190569158.2367
Equatorial Guinea,GNQ,2016,19263632756.1753
Equatorial Guinea,GNQ,2017,20954718048.321
Equatorial Guinea,GNQ,2018,20614822457.2856
Equatorial Guinea,GNQ,2019,19851081206.7421
Equatorial Guinea,GNQ,2020,
Eritrea,ERI,2010,4650579875.03025
Eritrea,ERI,2011,5164760114.435221
Eritrea,ERI,2012,
Eritrea,ERI,2013,
Eritrea,ERI,2014,
Eritrea,ERI,2015,
Eritrea,ERI,2016,
Eritrea,ERI,2017,
Eritrea,ERI,2018,
Eritrea,ERI,2019,
Eritrea,ERI,2020,
Estonia,EST,2010,27497234740.261
Estonia,EST,2011,31230453479.2807
Estonia,EST,2012,33215561266.1041
Estonia,EST,2013,35556368007.5954
Estonia,EST,2014,37217445766.6686
Estonia,EST,2015,37811860560.2887
Estonia,EST,2016,40623928434.0787
Estonia,EST,2017,43666319708.1796
Estonia,EST,2018,48573289379.696
Estonia,EST,2019,51845107921.4069
Estonia,EST,2020,
Eswatini,SWZ,2010,7853616604.882541
Eswatini,SWZ,2011,8114102802.816441
Eswatini,SWZ,2012,8346401629.13749
Eswatini,SWZ,2013,9058737210.49243
Eswatini,SWZ,2014,9225263756.37263
Eswatini,SWZ,2015,9346507218.8882
Eswatini,SWZ,2016,9176857938.630959
Eswatini,SWZ,2017,8823563716.96902
Eswatini,SWZ,2018,9236742701.92304
Eswatini,SWZ,2019,9290068039.60482
Eswatini,SWZ,2020,
Ethiopia,ETH,2010,89796448911.2324
Ethiopia,ETH,2011,102066933556.261
Ethiopia,ETH,2012,112283157655.966
Ethiopia,ETH,2013,122160005499.923
Ethiopia,ETH,2014,148077638928.901
Ethiopia,ETH,2015,166439908210.722
Ethiopia,ETH,2016,194015690748.87698
Ethiopia,ETH,2017,213816795462.57898
Ethiopia,ETH,2018,234298336842.44
Ethiopia,ETH,2019,258391655418.508
Ethiopia,ETH,2020,
Fiji,FJI,2010,6593677900.1551895
Fiji,FJI,2011,6915585234.51684
Fiji,FJI,2012,7364419164.2703705
Fiji,FJI,2013,8093223041.06308
Fiji,FJI,2014,9375291022.39165
Fiji,FJI,2015,10126984895.8987
Fiji,FJI,2016,10412234870.8023
Fiji,FJI,2017,10852371080.1822
Fiji,FJI,2018,11723083289.3784
Fiji,FJI,2019,11674220178.7232
Fiji,FJI,2020,
Finland,FIN,2010,211801877995.841
Finland,FIN,2011,221315089725.945
Finland,FIN,2012,222320431042.548
Finland,FIN,2013,226606741870.88602
Finland,FIN,2014,230341376307.58
Finland,FIN,2015,235157775065.327
Finland,FIN,2016,248052265025.91
Finland,FIN,2017,262585549210.83398
Finland,FIN,2018,283941569587.50104
Finland,FIN,2019,294942925647.769
Finland,FIN,2020,
France,FRA,2010,2390543104053.96
France,FRA,2011,2511515271090.53
France,FRA,2012,2528097207038.72
France,FRA,2013,2666950863865.02
France,FRA,2014,2719730300347.34
France,FRA,2015,2777204974934.9
France,FRA,2016,2924692709642.01
France,FRA,2017,3060172707341.96
France,FRA,2018,3294790670999.81
France,FRA,2019,3490468846478.08
France,FRA,2020,
Gabon,GAB,2010,20931794546.1365
Gabon,GAB,2011,22729974762.4942
Gabon,GAB,2012,24187166236.5611
Gabon,GAB,2013,24803028471.2847
Gabon,GAB,2014,27448373201.6419
Gabon,GAB,2015,26252661543.3818
Gabon,GAB,2016,26457471076.3386
Gabon,GAB,2017,29027529828.7639
Gabon,GAB,2018,29906758006.7001
Gabon,GAB,2019,31177283208.7932
Gabon,GAB,2020,
"Gambia, The",GMB,2010,4281627558.0353103
"Gambia, The",GMB,2011,4002461735.1018796
"Gambia, The",GMB,2012,4103967194.6828103
"Gambia, The",GMB,2013,4076131550.6706204
"Gambia, The",GMB,2014,4006121655.9744296
"Gambia, The",GMB,2015,4207793058.6531796
"Gambia, The",GMB,2016,4362686911.60081
"Gambia, The",GMB,2017,4502345653.44125
"Gambia, The",GMB,2018,4952386445.137361
"Gambia, The",GMB,2019,5359678708.36466
"Gambia, The",GMB,2020,
Georgia,GEO,2010,28134208185.9462
Georgia,GEO,2011,30519613226.4118
Georgia,GEO,2012,36257009738.4886
Georgia,GEO,2013,38723289569.7477
Georgia,GEO,2014,42492961933.5167
Georgia,GEO,2015,44015459770.8487
Georgia,GEO,2016,45709833895.1989
Georgia,GEO,2017,48180654829.8018
Georgia,GEO,2018,52306949991.2423
Georgia,GEO,2019,56785199727.3111
Georgia,GEO,2020,
Germany,DEU,2010,3251809364689.85
Germany,DEU,2011,3502470398953.27
Germany,DEU,2012,3570904139239.83
Germany,DEU,2013,3712581829258.22
Germany,DEU,2014,3883389666513.64
Germany,DEU,2015,3982695515613.23
Germany,DEU,2016,4266846751562.55
Germany,DEU,2017,4482721184463.6
Germany,DEU,2018,4813972375628.7
Germany,DEU,2019,4912679329633.71
Germany,DEU,2020,
Ghana,GHA,2010,72467930099.5319
Ghana,GHA,2011,83129912555.5813
Ghana,GHA,2012,93322034398.2882
Ghana,GHA,2013,136957246170.144
Ghana,GHA,2014,143670731901.31302
Ghana,GHA,2015,140624612115.26
Ghana,GHA,2016,136623482244.94301
Ghana,GHA,2017,141646107789.028
Ghana,GHA,2018,155282420095.685
Ghana,GHA,2019,168188360467.21802
Ghana,GHA,2020,
Greece,GRC,2010,303795746202.66
Greece,GRC,2011,277177153049.163
Greece,GRC,2012,277457601769.045
Greece,GRC,2013,284491775518.545
Greece,GRC,2014,292032642542.155
Greece,GRC,2015,288838189370.68
Greece,GRC,2016,294488251384.68896
Greece,GRC,2017,307381180751.94
Greece,GRC,2018,324723037795.084
Greece,GRC,2019,338043920695.595
Greece,GRC,2020,
Grenada,GRD,2010,1094309142.19513
Grenada,GRD,2011,1138673428.05649
Grenada,GRD,2012,1148161514.25938
Grenada,GRD,2013,1240710384.8712301
Grenada,GRD,2014,1291198872.90021
Grenada,GRD,2015,1373363286.20348
Grenada,GRD,2016,1505284098.72797
Grenada,GRD,2017,1631169567.08909
Grenada,GRD,2018,1735657853.88672
Grenada,GRD,2019,1800934720.1539302
Grenada,GRD,2020,
Guatemala,GTM,2010,93543553752.8963
Guatemala,GTM,2011,99233215714.5858
Guatemala,GTM,2012,106004957684.265
Guatemala,GTM,2013,109413614490.10301
Guatemala,GTM,2014,115639774098.923
Guatemala,GTM,2015,124517142875.70801
Guatemala,GTM,2016,127323281384.07301
Guatemala,GTM,2017,131000150033.889
Guatemala,GTM,2018,138530359040.141
Guatemala,GTM,2019,147274020992.745
Guatemala,GTM,2020,
Guinea,GIN,2010,16665347466.0836
Guinea,GIN,2011,17815489449.8794
Guinea,GIN,2012,18819737532.167
Guinea,GIN,2013,18776195192.1863
Guinea,GIN,2014,19471089653.375
Guinea,GIN,2015,20460340883.3828
Guinea,GIN,2016,23977048840.4261
Guinea,GIN,2017,29033817415.3577
Guinea,GIN,2018,31212204477.0154
Guinea,GIN,2019,33846356854.1761
Guinea,GIN,2020,
Guinea-Bissau,GNB,2010,2030006200.98395
Guinea-Bissau,GNB,2011,2262774007.23512
Guinea-Bissau,GNB,2012,2187093803.73918
Guinea-Bissau,GNB,2013,2205787895.62385
Guinea-Bissau,GNB,2014,2415238570.21739
Guinea-Bissau,GNB,2015,2842389875.31444
Guinea-Bissau,GNB,2016,3191999767.76646
Guinea-Bissau,GNB,2017,3526798653.4901795
Guinea-Bissau,GNB,2018,3737084582.15329
Guinea-Bissau,GNB,2019,4279092507.25715
Guinea-Bissau,GNB,2020,
Guyana,GUY,2010,7019788168.89247
Guyana,GUY,2011,7491902054.438001
Guyana,GUY,2012,7963099770.09328
Guyana,GUY,2013,8427092334.77528
Guyana,GUY,2014,8414383428.130079
Guyana,GUY,2015,8643543935.33743
Guyana,GUY,2016,8704968441.42519
Guyana,GUY,2017,9284265203.32938
Guyana,GUY,2018,9899293896.53493
Guyana,GUY,2019,10597268676.862
Guyana,GUY,2020,
Haiti,HTI,2010,26199530812.2802
Haiti,HTI,2011,28421070658.3344
Haiti,HTI,2012,28430216991.9456
Haiti,HTI,2013,29937659279.0424
Haiti,HTI,2014,30660467811.5978
Haiti,HTI,2015,31137922634.322002
Haiti,HTI,2016,32913414265.1312
Haiti,HTI,2017,32872760320.8406
Haiti,HTI,2018,34202178740.5776
Haiti,HTI,2019,34290707525.0787
Haiti,HTI,2020,
Honduras,HND,2010,29729364273.5089
Honduras,HND,2011,31469455075.9805
Honduras,HND,2012,32447867601.1165
Honduras,HND,2013,33761586548.5521
Honduras,HND,2014,36611449125.7829
Honduras,HND,2015,40945953789.8257
Honduras,HND,2016,44383060571.3461
Honduras,HND,2017,49235457099.1837
Honduras,HND,2018,51314225973.9999
Honduras,HND,2019,53848093347.1313
Honduras,HND,2020,
"Hong Kong SAR, China",HKG,2010,352799216058.069
"Hong Kong SAR, China",HKG,2011,379780810643.688
"Hong Kong SAR, China",HKG,2012,378882956243.058
"Hong Kong SAR, China",HKG,2013,392752239125.688
"Hong Kong SAR, China",HKG,2014,404211342098.22205
"Hong Kong SAR, China",HKG,2015,418904765973.878
"Hong Kong SAR, China",HKG,2016,430361863158.585
"Hong Kong SAR, China",HKG,2017,461609726417.992
"Hong Kong SAR, China",HKG,2018,488229976670.798
"Hong Kong SAR, China",HKG,2019,493441081032.75104
"Hong Kong SAR, China",HKG,2020,
Hungary,HUN,2010,207374108658.975
Hungary,HUN,2011,218364577795.40698
Hungary,HUN,2012,220562603169.302
Hungary,HUN,2013,235506871242.62198
Hungary,HUN,2014,242075480384.51898
Hungary,HUN,2015,251670491411.355
Hungary,HUN,2016,266984407030.26898
Hungary,HUN,2017,277986937388.466
Hungary,HUN,2018,309382830108.98
Hungary,HUN,2019,332401727228.72
Hungary,HUN,2020,
Iceland,ISL,2010,10238006718.2798
Iceland,ISL,2011,11022605832.7629
Iceland,ISL,2012,11766282593.5493
Iceland,ISL,2013,13631427233.6515
Iceland,ISL,2014,14240759323.4076
Iceland,ISL,2015,15371988994.7328
Iceland,ISL,2016,17105490646.8223
Iceland,ISL,2017,18576363677.5467
Iceland,ISL,2018,20135309856.9068
Iceland,ISL,2019,22127428163.9048
Iceland,ISL,2020,
India,IND,2010,5173298835928.36
India,IND,2011,5568976272405.25
India,IND,2012,6080904818549.95
India,IND,2013,6396857208684.85
India,IND,2014,6700838434194.09
India,IND,2015,7076731493413.66
India,IND,2016,7577059418948.02
India,IND,2017,8191428149143.83
India,IND,2018,8905760800849.44
India,IND,2019,9456111319104.85
India,IND,2020,
Indonesia,IDN,2010,2002209911086.68
Indonesia,IDN,2011,2167767372892.09
Indonesia,IDN,2012,2345311900455.84
Indonesia,IDN,2013,2459271038444.92
Indonesia,IDN,2014,2534329758163.13
Indonesia,IDN,2015,2559879525286.4
Indonesia,IDN,2016,2657025035196.4
Indonesia,IDN,2017,2802422575187.42
Indonesia,IDN,2018,3028274768677.15
Indonesia,IDN,2019,3238279456991.96
Indonesia,IDN,2020,
"Iran, Islamic Rep.",IRN,2010,1282857045042.07
"Iran, Islamic Rep.",IRN,2011,1344189230215.92
"Iran, Islamic Rep.",IRN,2012,1213336909094.26
"Iran, Islamic Rep.",IRN,2013,1176150169010.8
"Iran, Islamic Rep.",IRN,2014,1183766862250.56
"Iran, Islamic Rep.",IRN,2015,1069286038839.47
"Iran, Islamic Rep.",IRN,2016,1118231229993.35
"Iran, Islamic Rep.",IRN,2017,1174847686171.31
"Iran, Islamic Rep.",IRN,2018,1135049702019.28
"Iran, Islamic Rep.",IRN,2019,1073520285029.57
"Iran, Islamic Rep.",IRN,2020,
Iraq,IRQ,2010,382005466961.247
Iraq,IRQ,2011,414114386540.595
Iraq,IRQ,2012,485479538055.298
Iraq,IRQ,2013,512801969507.53
Iraq,IRQ,2014,488228998526.08203
Iraq,IRQ,2015,366501386393.93
Iraq,IRQ,2016,359136530567.48
Iraq,IRQ,2017,408986068270.067
Iraq,IRQ,2018,416401138987.09
Iraq,IRQ,2019,444542015634.474
Iraq,IRQ,2020,
Ireland,IRL,2010,165563982734.36902
Ireland,IRL,2011,166561101269.613
Ireland,IRL,2012,171504812458.691
Ireland,IRL,2013,186850967915.309
Ireland,IRL,2014,200789098470.04
Ireland,IRL,2015,249521849210.682
Ireland,IRL,2016,278985998798.926
Ireland,IRL,2017,297970644393.82
Ireland,IRL,2018,331407623406.088
Ireland,IRL,2019,351585540028.104
Ireland,IRL,2020,
Israel,ISR,2010,215678542481.038
Israel,ISR,2011,233558541539.758
Israel,ISR,2012,244250406663.56897
Israel,ISR,2013,269656651819.50302
Israel,ISR,2014,279822039561.089
Israel,ISR,2015,294735637913.569
Israel,ISR,2016,320066178242.584
Israel,ISR,2017,337732501994.158
Israel,ISR,2018,367964557796.745
Israel,ISR,2019,386531120581.674
Israel,ISR,2020,
Italy,ITA,2010,2081274213987.9
Italy,ITA,2011,2167673493812.34
Italy,ITA,2012,2169728284637.12
Italy,ITA,2013,2183586713124.53
Italy,ITA,2014,2200447377386.96
Italy,ITA,2015,2225429068057.95
Italy,ITA,2016,2427621676868.28
Italy,ITA,2017,2539036555237.1
Italy,ITA,2018,2716312854078.08
Italy,ITA,2019,2780603411093.45
Italy,ITA,2020,
Jamaica,JAM,2010,21372671662.5976
Jamaica,JAM,2011,22231524588.9226
Jamaica,JAM,2012,22954488139.0301
Jamaica,JAM,2013,23566809982.6206
Jamaica,JAM,2014,24036884622.2238
Jamaica,JAM,2015,24625714049.9529
Jamaica,JAM,2016,25585657882.6931
Jamaica,JAM,2017,27235168352.477
Jamaica,JAM,2018,28158979412.4516
Jamaica,JAM,2019,29307630563.02
Jamaica,JAM,2020,
Japan,JPN,2010,4596530742002.53
Japan,JPN,2011,4702730270932.62
Japan,JPN,2012,4873844260962.84
Japan,JPN,2013,5133797407300.4
Japan,JPN,2014,5166025961476.02
Japan,JPN,2015,5332296337903.14
Japan,JPN,2016,5246031202838.68
Japan,JPN,2017,5395789903729.07
Japan,JPN,2018,5614361781463.69
Japan,JPN,2019,5704907979209.1
Japan,JPN,2020,
Jordan,JOR,2010,68152856695.7124
Jordan,JOR,2011,71405408235.1145
Jordan,JOR,2012,73428347001.6517
Jordan,JOR,2013,78636175092.3154
Jordan,JOR,2014,80957978659.5537
Jordan,JOR,2015,86722051517.0455
Jordan,JOR,2016,89558829917.3779
Jordan,JOR,2017,97405588013.1908
Jordan,JOR,2018,101742697701.514
Jordan,JOR,2019,106258013378.05699
Jordan,JOR,2020,
Kazakhstan,KAZ,2010,272722282118.722
Kazakhstan,KAZ,2011,294494040831.081
Kazakhstan,KAZ,2012,319954479748.818
Kazakhstan,KAZ,2013,373088584433.75397
Kazakhstan,KAZ,2014,383650191926.991
Kazakhstan,KAZ,2015,381745816548.317
Kazakhstan,KAZ,2016,382306984208.955
Kazakhstan,KAZ,2017,399678715598.354
Kazakhstan,KAZ,2018,419403470907.431
Kazakhstan,KAZ,2019,445820090606.40796
Kazakhstan,KAZ,2020,
Kenya,KEN,2010,96815313090.7621
Kenya,KEN,2011,105284725887.09698
Kenya,KEN,2012,111702555544.44
Kenya,KEN,2013,124600115565.074
Kenya,KEN,2014,139107161405.764
Kenya,KEN,2015,158922253444.33
Kenya,KEN,2016,175712039306.77698
Kenya,KEN,2017,199324373582.83102
Kenya,KEN,2018,217655126839.649
Kenya,KEN,2019,232920572654.78897
Kenya,KEN,2020,
Kiribati,KIR,2010,258637330.472246
Kiribati,KIR,2011,254926735.893375
Kiribati,KIR,2012,295962984.149137
Kiribati,KIR,2013,341023661.701828
Kiribati,KIR,2014,394526288.51527
Kiribati,KIR,2015,481486737.401533
Kiribati,KIR,2016,443043799.86272097
Kiribati,KIR,2017,488705808.475131
Kiribati,KIR,2018,494662734.57113093
Kiribati,KIR,2019,547067743.561267
Kiribati,KIR,2020,
"Korea, Dem. People’s Rep.",PRK,2010,
"Korea, Dem. People’s Rep.",PRK,2011,
"Korea, Dem. People’s Rep.",PRK,2012,
"Korea, Dem. People’s Rep.",PRK,2013,
"Korea, Dem. People’s Rep.",PRK,2014,
"Korea, Dem. People’s Rep.",PRK,2015,
"Korea, Dem. People’s Rep.",PRK,2016,
"Korea, Dem. People’s Rep.",PRK,2017,
"Korea, Dem. People’s Rep.",PRK,2018,
"Korea, Dem. People’s Rep.",PRK,2019,
"Korea, Dem. People’s Rep.",PRK,2020,
"Korea, Rep.",KOR,2010,1575608024775.93
"Korea, Rep.",KOR,2011,1635336002448.05
"Korea, Rep.",KOR,2012,1702177999918.46
"Korea, Rep.",KOR,2013,1737909546523.48
"Korea, Rep.",KOR,2014,1801276221059.28
"Korea, Rep.",KOR,2015,1939637111593.39
"Korea, Rep.",KOR,2016,2034377961086.03
"Korea, Rep.",KOR,2017,2120128293660.39
"Korea, Rep.",KOR,2018,2263178685706.12
"Korea, Rep.",KOR,2019,2295556130678.07
"Korea, Rep.",KOR,2020,
Kuwait,KWT,2010,239360420840.42102
Kuwait,KWT,2011,262123336778.36102
Kuwait,KWT,2012,291438375133.72
Kuwait,KWT,2013,296212687021.712
Kuwait,KWT,2014,283545175393.602
Kuwait,KWT,2015,201226216155.38397
Kuwait,KWT,2016,197466766535.322
Kuwait,KWT,2017,238367977934.553
Kuwait,KWT,2018,242239412233.941
Kuwait,KWT,2019,
Kuwait,KWT,2020,
Kyrgyz Republic,KGZ,2010,15740559548.5352
Kyrgyz Republic,KGZ,2011,16250508927.3612
Kyrgyz Republic,KGZ,2012,19767684145.2302
Kyrgyz Republic,KGZ,2013,21790220340.6309
Kyrgyz Republic,KGZ,2014,23953408501.6723
Kyrgyz Republic,KGZ,2015,24127188673.9971
Kyrgyz Republic,KGZ,2016,26964623071.125
Kyrgyz Republic,KGZ,2017,29771394476.3694
Kyrgyz Republic,KGZ,2018,32237600375.0625
Kyrgyz Republic,KGZ,2019,32831510028.1776
Kyrgyz Republic,KGZ,2020,
Lao PDR,LAO,2010,22373664603.5974
Lao PDR,LAO,2011,24562505654.9469
Lao PDR,LAO,2012,29339581968.1696
Lao PDR,LAO,2013,32738513911.9639
Lao PDR,LAO,2014,37279715377.7992
Lao PDR,LAO,2015,39733495399.3774
Lao PDR,LAO,2016,44835845958.1785
Lao PDR,LAO,2017,47800441427.6112
Lao PDR,LAO,2018,52359908021.425995
Lao PDR,LAO,2019,57214083772.2737
Lao PDR,LAO,2020,
Latvia,LVA,2010,37408551395.9156
Latvia,LVA,2011,40902972080.5768
Latvia,LVA,2012,43246225328.5737
Latvia,LVA,2013,45811863697.2706
Latvia,LVA,2014,47517895401.1392
Latvia,LVA,2015,49126607565.9858
Latvia,LVA,2016,52256251870.3501
Latvia,LVA,2017,55683191337.3844
Latvia,LVA,2018,60225929124.147
Latvia,LVA,2019,62269428537.0698
Latvia,LVA,2020,
Lebanon,LBN,2010,73126239447.9931
Lebanon,LBN,2011,75853128476.6475
Lebanon,LBN,2012,81684754405.0443
Lebanon,LBN,2013,88008051378.2798
Lebanon,LBN,2014,93092365035.8045
Lebanon,LBN,2015,97376540515.4048
Lebanon,LBN,2016,102281959781.687
Lebanon,LBN,2017,108596513314.89
Lebanon,LBN,2018,108904404007.71301
Lebanon,LBN,2019,102284286778.84
Lebanon,LBN,2020,
Lesotho,LSO,2010,5732452516.23977
Lesotho,LSO,2011,5867446787.49356
Lesotho,LSO,2012,5807273820.084001
Lesotho,LSO,2013,6324234618.26156
Lesotho,LSO,2014,6791590360.36547
Lesotho,LSO,2015,7160368693.873059
Lesotho,LSO,2016,7170407004.673659
Lesotho,LSO,2017,6588747316.96785
Lesotho,LSO,2018,6744433399.38819
Lesotho,LSO,2019,7086526343.776891
Lesotho,LSO,2020,
Liberia,LBR,2010,3620075701.10971
Liberia,LBR,2011,4164518138.6144204
Liberia,LBR,2012,4387996479.62735
Liberia,LBR,2013,5130477809.93594
Liberia,LBR,2014,5386476328.91385
Liberia,LBR,2015,5269268962.54026
Liberia,LBR,2016,5783171659.71288
Liberia,LBR,2017,6469862956.51871
Liberia,LBR,2018,6400386941.24735
Liberia,LBR,2019,6515493614.50547
Liberia,LBR,2020,
Libya,LBY,2010,185208123492.523
Libya,LBY,2011,71848542675.5916
Libya,LBY,2012,149049347739.18802
Libya,LBY,2013,124785429204.8
Libya,LBY,2014,92283833247.2583
Libya,LBY,2015,81779062375.7705
Libya,LBY,2016,74186507345.4983
Libya,LBY,2017,90063923226.6159
Libya,LBY,2018,104525354746.035
Libya,LBY,2019,109301679377.612
Libya,LBY,2020,
Liechtenstein,LIE,2010,
Liechtenstein,LIE,2011,
Liechtenstein,LIE,2012,
Liechtenstein,LIE,2013,
Liechtenstein,LIE,2014,
Liechtenstein,LIE,2015,
Liechtenstein,LIE,2016,
Liechtenstein,LIE,2017,
Liechtenstein,LIE,2018,
Liechtenstein,LIE,2019,
Liechtenstein,LIE,2020,
Lithuania,LTU,2010,61887812671.5152
Lithuania,LTU,2011,67271020820.0106
Lithuania,LTU,2012,71500144701.1755
Lithuania,LTU,2013,77288358779.9173
Lithuania,LTU,2014,81671309475.3965
Lithuania,LTU,2015,80739607677.7808
Lithuania,LTU,2016,85539531064.6837
Lithuania,LTU,2017,92333620357.5715
Lithuania,LTU,2018,101780438020.25
Lithuania,LTU,2019,107662812036.502
Lithuania,LTU,2020,
Luxembourg,LUX,2010,31330951897.0043
Luxembourg,LUX,2011,32928110626.5723
Luxembourg,LUX,2012,33825803107.6655
Luxembourg,LUX,2013,34690043272.6355
Luxembourg,LUX,2014,37434314552.7056
Luxembourg,LUX,2015,38490072748.0281
Luxembourg,LUX,2016,41005218959.1659
Luxembourg,LUX,2017,43321152777.2852
Luxembourg,LUX,2018,46600092090.2288
Luxembourg,LUX,2019,49390054204.7849
Luxembourg,LUX,2020,
Madagascar,MDG,2010,31981783671.5205
Madagascar,MDG,2011,33215344356.2567
Madagascar,MDG,2012,33270003412.2222
Madagascar,MDG,2013,34214331592.4778
Madagascar,MDG,2014,35835765900.7156
Madagascar,MDG,2015,36248277778.3637
Madagascar,MDG,2016,38589859315.1109
Madagascar,MDG,2017,39408585195.5646
Madagascar,MDG,2018,41953529338.0764
Madagascar,MDG,2019,44681093897.0468
Madagascar,MDG,2020,
Malawi,MWI,2010,14625812055.2316
Malawi,MWI,2011,15674391716.7311
Malawi,MWI,2012,15561165076.6142
Malawi,MWI,2013,17042708429.6565
Malawi,MWI,2014,17109325958.1925
Malawi,MWI,2015,16473997716.6448
Malawi,MWI,2016,17560554547.8181
Malawi,MWI,2017,17887349679.3892
Malawi,MWI,2018,18914054876.6094
Malawi,MWI,2019,20126554236.5971
Malawi,MWI,2020,
Malaysia,MYS,2010,560108318391.138
Malaysia,MYS,2011,607129184341.237
Malaysia,MYS,2012,643498757192.916
Malaysia,MYS,2013,668794343781.3629
Malaysia,MYS,2014,710620293507.506
Malaysia,MYS,2015,730292729357.4741
Malaysia,MYS,2016,762176005888.175
Malaysia,MYS,2017,805935510019.48
Malaysia,MYS,2018,862298690304.712
Malaysia,MYS,2019,921117928505.578
Malaysia,MYS,2020,
Maldives,MDV,2010,4090164279.75104
Maldives,MDV,2011,4606288827.99661
Maldives,MDV,2012,4925577794.19348
Maldives,MDV,2013,5462304304.18157
Maldives,MDV,2014,6289083096.82511
Maldives,MDV,2015,7011219895.25894
Maldives,MDV,2016,7610559253.74397
Maldives,MDV,2017,8255489175.02811
Maldives,MDV,2018,9005991337.85652
Maldives,MDV,2019,9757024012.98965
Maldives,MDV,2020,
Mali,MLI,2010,25839494612.1636
Mali,MLI,2011,27331464772.5263
Mali,MLI,2012,27142665899.9272
Mali,MLI,2013,28848666648.5951
Mali,MLI,2014,31565052224.5886
Mali,MLI,2015,34646998121.6541
Mali,MLI,2016,38276068960.858
Mali,MLI,2017,40237794150.9203
Mali,MLI,2018,43295560903.8746
Mali,MLI,2019,46203753442.8998
Mali,MLI,2020,
Malta,MLT,2010,11301807724.3708
Malta,MLT,2011,11778091252.8771
Malta,MLT,2012,12104608748.0773
Malta,MLT,2013,13074360608.4002
Malta,MLT,2014,14147666602.5764
Malta,MLT,2015,15748171670.3817
Malta,MLT,2016,16306739506.3738
Malta,MLT,2017,17869983174.7338
Malta,MLT,2018,20407274945.6993
Malta,MLT,2019,22101200586.8379
Malta,MLT,2020,
Marshall Islands,MHL,2010,223890702.07102796
Marshall Islands,MHL,2011,225123576.183362
Marshall Islands,MHL,2012,214374318.113515
Marshall Islands,MHL,2013,232239330.31574902
Marshall Islands,MHL,2014,245166380.86811
Marshall Islands,MHL,2015,271487663.971483
Marshall Islands,MHL,2016,270712342.247634
Marshall Islands,MHL,2017,281603322.61903703
Marshall Islands,MHL,2018,297164757.53385097
Marshall Islands,MHL,2019,
Marshall Islands,MHL,2020,
Mauritania,MRT,2010,14118200541.8269
Mauritania,MRT,2011,14841521503.2747
Mauritania,MRT,2012,15331799325.0023
Mauritania,MRT,2013,16624623434.4163
Mauritania,MRT,2014,16238197197.5205
Mauritania,MRT,2015,16498775890.9074
Mauritania,MRT,2016,19213092379.4616
Mauritania,MRT,2017,21432474968.9306
Mauritania,MRT,2018,22620181047.5153
Mauritania,MRT,2019,24250261613.0979
Mauritania,MRT,2020,
Mauritius,MUS,2010,19451212765.4623
Mauritius,MUS,2011,20460710909.864
Mauritius,MUS,2012,22061568419.1301
Mauritius,MUS,2013,24215842266.8622
Mauritius,MUS,2014,25119627939.9348
Mauritius,MUS,2015,26339259783.018997
Mauritius,MUS,2016,28287860057.6668
Mauritius,MUS,2017,29764244947.5412
Mauritius,MUS,2018,32230149536.8495
Mauritius,MUS,2019,33975841889.8199
Mauritius,MUS,2020,
Mexico,MEX,2010,1720422018790.8
Mexico,MEX,2011,1880967839882.46
Mexico,MEX,2012,1973881601912.17
Mexico,MEX,2013,2004429620594.39
Mexico,MEX,2014,2119873249261.23
Mexico,MEX,2015,2172591443147.75
Mexico,MEX,2016,2319373116262.85
Mexico,MEX,2017,2404731643110.49
Mexico,MEX,2018,2498546390961.44
Mexico,MEX,2019,2595085067688.41
Mexico,MEX,2020,
"Micronesia, Fed. Sts.",FSM,2010,348030813.43157595
"Micronesia, Fed. Sts.",FSM,2011,364901630.785689
"Micronesia, Fed. Sts.",FSM,2012,370710582.112853
"Micronesia, Fed. Sts.",FSM,2013,374936332.908566
"Micronesia, Fed. Sts.",FSM,2014,372768708.15791804
"Micronesia, Fed. Sts.",FSM,2015,433505547.87362903
"Micronesia, Fed. Sts.",FSM,2016,433439938.053581
"Micronesia, Fed. Sts.",FSM,2017,442285610.053141
"Micronesia, Fed. Sts.",FSM,2018,409850573.218336
"Micronesia, Fed. Sts.",FSM,2019,
"Micronesia, Fed. Sts.",FSM,2020,
Moldova,MDA,2010,19629015934.2271
Moldova,MDA,2011,21128597776.669
Moldova,MDA,2012,23013198254.5097
Moldova,MDA,2013,26217252652.4578
Moldova,MDA,2014,27399539464.997
Moldova,MDA,2015,27755343311.671
Moldova,MDA,2016,31375151987.3644
Moldova,MDA,2017,33931111963.049
Moldova,MDA,2018,35945610840.909
Moldova,MDA,2019,38094307114.2842
Moldova,MDA,2020,
Monaco,MCO,2010,
Monaco,MCO,2011,
Monaco,MCO,2012,
Monaco,MCO,2013,
Monaco,MCO,2014,
Monaco,MCO,2015,
Monaco,MCO,2016,
Monaco,MCO,2017,
Monaco,MCO,2018,
Monaco,MCO,2019,
Monaco,MCO,2020,
Mongolia,MNG,2010,18957879257.866
Mongolia,MNG,2011,22657114467.4965
Mongolia,MNG,2012,26658538159.65
Mongolia,MNG,2013,28685437151.1049
Mongolia,MNG,2014,29864062852.7761
Mongolia,MNG,2015,29636387676.1811
Mongolia,MNG,2016,30129523615.8258
Mongolia,MNG,2017,30263180633.1276
Mongolia,MNG,2018,34729040153.5611
Mongolia,MNG,2019,36822695894.8079
Mongolia,MNG,2020,
Montenegro,MNE,2010,8394207817.46807
Montenegro,MNE,2011,9046253129.55896
Montenegro,MNE,2012,8749560277.6641
Montenegro,MNE,2013,9417519251.3598
Montenegro,MNE,2014,9684830977.22312
Montenegro,MNE,2015,10384167492.3723
Montenegro,MNE,2016,11424501940.1425
Montenegro,MNE,2017,12541216083.3524
Montenegro,MNE,2018,13993383199.4877
Montenegro,MNE,2019,15004477135.7427
Montenegro,MNE,2020,
Morocco,MAR,2010,204980497054.803
Morocco,MAR,2011,219548856240.118
Morocco,MAR,2012,221558465714.716
Morocco,MAR,2013,233442913596.09198
Morocco,MAR,2014,224028206132.59
Morocco,MAR,2015,242479228111.022
Morocco,MAR,2016,248808416563.67102
Morocco,MAR,2017,259033788619.405
Morocco,MAR,2018,273729770198.648
Morocco,MAR,2019,285967884043.947
Morocco,MAR,2020,
Mozambique,MOZ,2010,21834216472.7814
Mozambique,MOZ,2011,24306280893.4871
Mozambique,MOZ,2012,25627026605.0557
Mozambique,MOZ,2013,27637286756.5429
Mozambique,MOZ,2014,29600088338.2311
Mozambique,MOZ,2015,34261446171.8805
Mozambique,MOZ,2016,37122197979.3799
Mozambique,MOZ,2017,35680839919.1003
Mozambique,MOZ,2018,38193003065.2198
Mozambique,MOZ,2019,39846245913.1434
Mozambique,MOZ,2020,
Myanmar,MMR,2010,164058393037.109
Myanmar,MMR,2011,176855931603.602
Myanmar,MMR,2012,184010746021.87698
Myanmar,MMR,2013,201685064985.60397
Myanmar,MMR,2014,213072891301.06302
Myanmar,MMR,2015,225644892096.51602
Myanmar,MMR,2016,231990221765.927
Myanmar,MMR,2017,245826346688.42603
Myanmar,MMR,2018,266885718819.34
Myanmar,MMR,2019,279551135205.841
Myanmar,MMR,2020,
Namibia,NAM,2010,17069770954.0746
Namibia,NAM,2011,18530827058.6351
Namibia,NAM,2012,19680724579.4145
Namibia,NAM,2013,21629943604.1853
Namibia,NAM,2014,23507845287.3846
Namibia,NAM,2015,24438808112.7414
Namibia,NAM,2016,23975062172.4605
Namibia,NAM,2017,23704551385.4182
Namibia,NAM,2018,24142192951.8361
Namibia,NAM,2019,24397824597.6109
Namibia,NAM,2020,
Nauru,NRU,2010,72021093.96110551
Nauru,NRU,2011,82081790.62993729
Nauru,NRU,2012,92329590.95001501
Nauru,NRU,2013,126031537.62863001
Nauru,NRU,2014,158652606.391947
Nauru,NRU,2015,186609701.037506
Nauru,NRU,2016,194518276.413198
Nauru,NRU,2017,192267596.871747
Nauru,NRU,2018,200211269.107773
Nauru,NRU,2019,224159842.10200801
Nauru,NRU,2020,
Nepal,NPL,2010,51657022295.9185
Nepal,NPL,2011,54425821378.1911
Nepal,NPL,2012,59206619399.8804
Nepal,NPL,2013,63735009673.0611
Nepal,NPL,2014,70944811652.5188
Nepal,NPL,2015,72284863170.6641
Nepal,NPL,2016,71476639814.489
Nepal,NPL,2017,86617232592.1683
Nepal,NPL,2018,94283318513.2484
Nepal,NPL,2019,103255736200.264
Nepal,NPL,2020,
Netherlands,NLD,2010,751192298047.5609
Netherlands,NLD,2011,788764031504.728
Netherlands,NLD,2012,805602323121.5609
Netherlands,NLD,2013,838682680044.001
Netherlands,NLD,2014,828263670286.029
Netherlands,NLD,2015,852537970167.091
Netherlands,NLD,2016,877319447657.167
Netherlands,NLD,2017,953891439858.399
Netherlands,NLD,2018,1040944607561.54
Netherlands,NLD,2019,1066400181444.18
Netherlands,NLD,2020,
New Zealand,NZL,2010,129250241624.034
New Zealand,NZL,2011,137050494812.96
New Zealand,NZL,2012,139398705020.386
New Zealand,NZL,2013,154596730657.914
New Zealand,NZL,2014,161323526267.934
New Zealand,NZL,2015,166448408472.45
New Zealand,NZL,2016,181574364611.439
New Zealand,NZL,2017,194984078393.216
New Zealand,NZL,2018,210717632610.07
New Zealand,NZL,2019,216814580527.091
New Zealand,NZL,2020,
Nicaragua,NIC,2010,22539593499.3176
Nicaragua,NIC,2011,24473755139.8842
Nicaragua,NIC,2012,25444605044.0727
Nicaragua,NIC,2013,26590215661.6512
Nicaragua,NIC,2014,29211123154.358997
Nicaragua,NIC,2015,31682119559.288
Nicaragua,NIC,2016,34181725305.8594
Nicaragua,NIC,2017,36355737421.9957
Nicaragua,NIC,2018,35834553938.0342
Nicaragua,NIC,2019,35581824534.503
Nicaragua,NIC,2020,
Niger,NER,2010,18459954393.8791
Niger,NER,2011,19437967993.6132
Niger,NER,2012,21317946498.887
Niger,NER,2013,21679918301.6624
Niger,NER,2014,22970934374.5282
Niger,NER,2015,24039021555.5079
Niger,NER,2016,24750653852.382004
Niger,NER,2017,26061195031.9389
Niger,NER,2018,28811246064.7332
Niger,NER,2019,31117585818.7235
Niger,NER,2020,
Nigeria,NGA,2010,705437181541.4691
Nigeria,NGA,2011,756939368351.467
Nigeria,NGA,2012,793230176344.865
Nigeria,NGA,2013,853026950842.773
Nigeria,NGA,2014,939073115447.917
Nigeria,NGA,2015,957051778143.6221
Nigeria,NGA,2016,952515802712.001
Nigeria,NGA,2017,960398587580.009
Nigeria,NGA,2018,986628524981.346
Nigeria,NGA,2019,1042435903910.18
Nigeria,NGA,2020,
North Macedonia,MKD,2010,23039049149.0465
North Macedonia,MKD,2011,23634695064.4142
North Macedonia,MKD,2012,24027033827.2625
North Macedonia,MKD,2013,25647248765.028
North Macedonia,MKD,2014,27256462775.7054
North Macedonia,MKD,2015,27845374418.8643
North Macedonia,MKD,2016,30124351865.253
North Macedonia,MKD,2017,31392532252.8159
North Macedonia,MKD,2018,34320670390.304
North Macedonia,MKD,2019,35977961790.4347
North Macedonia,MKD,2020,
Norway,NOR,2010,286672874578.492
Norway,NOR,2011,310701643205.307
Norway,NOR,2012,331152578513.979
Norway,NOR,2013,344244308199.849
Norway,NOR,2014,349842613934.341
Norway,NOR,2015,326947069604.519
Norway,NOR,2016,323757854589.271
Norway,NOR,2017,354113616542.62396
Norway,NOR,2018,395700397588.651
Norway,NOR,2019,389960875596.802
Norway,NOR,2020,
Oman,OMN,2010,129817468832.975
Oman,OMN,2011,132616709313.018
Oman,OMN,2012,146525800391.331
Oman,OMN,2013,151894158664.925
Oman,OMN,2014,147287627415.441
Oman,OMN,2015,128408080425.753
Oman,OMN,2016,125476274991.31801
Oman,OMN,2017,129607431963.975
Oman,OMN,2018,132095752931.085
Oman,OMN,2019,130411945686.762
Oman,OMN,2020,
Pakistan,PAK,2010,685083269913.143
Pakistan,PAK,2011,721837538286.4409
Pakistan,PAK,2012,741744372621.72
Pakistan,PAK,2013,772409174883.823
Pakistan,PAK,2014,814428003012.422
Pakistan,PAK,2015,857272768134.8579
Pakistan,PAK,2016,880790375139.673
Pakistan,PAK,2017,934736068377.813
Pakistan,PAK,2018,1012544045194.84
Pakistan,PAK,2019,1039359212658.43
Pakistan,PAK,2020,
Palau,PLW,2010,261701179.697794
Palau,PLW,2011,284570779.053392
Palau,PLW,2012,295607900.454169
Palau,PLW,2013,291227325.670785
Palau,PLW,2014,311860771.984195
Palau,PLW,2015,339443492.42223597
Palau,PLW,2016,345513137.18634397
Palau,PLW,2017,338035893.625796
Palau,PLW,2018,364364116.547356
Palau,PLW,2019,352566187.40019
Palau,PLW,2020,
Panama,PAN,2010,50865949436.3352
Panama,PAN,2011,59266837875.6713
Panama,PAN,2012,65663109755.6884
Panama,PAN,2013,74726193766.6597
Panama,PAN,2014,81538689297.7009
Panama,PAN,2015,94068749851.9453
Panama,PAN,2016,104322439879.142
Panama,PAN,2017,117512813377.254
Panama,PAN,2018,122807260867.116
Panama,PAN,2019,130303377418.99901
Panama,PAN,2020,
Papua New Guinea,PNG,2010,20624546300.1054
Papua New Guinea,PNG,2011,20754466379.5836
Papua New Guinea,PNG,2012,23205469529.8316
Papua New Guinea,PNG,2013,23757281597.8627
Papua New Guinea,PNG,2014,29374464874.3696
Papua New Guinea,PNG,2015,31603731494.384
Papua New Guinea,PNG,2016,33928741115.6961
Papua New Guinea,PNG,2017,35476919654.5526
Papua New Guinea,PNG,2018,36022144008.9603
Papua New Guinea,PNG,2019,38224033991.4614
Papua New Guinea,PNG,2020,
Paraguay,PRY,2010,59469808605.7608
Paraguay,PRY,2011,64133125073.6599
Paraguay,PRY,2012,61591935539.7893
Paraguay,PRY,2013,69297872980.2731
Paraguay,PRY,2014,72664615483.7895
Paraguay,PRY,2015,73852324239.6658
Paraguay,PRY,2016,78266222662.4595
Paraguay,PRY,2017,83809237145.4981
Paraguay,PRY,2018,88503340568.0902
Paraguay,PRY,2019,90120522095.0816
Paraguay,PRY,2020,
Peru,PER,2010,261705337876.883
Peru,PER,2011,283964927266.9
Peru,PER,2012,297710295468.343
Peru,PER,2013,318997109857.16
Peru,PER,2014,330667402340.409
Peru,PER,2015,340543090251.25397
Peru,PER,2016,356119980475.884
Peru,PER,2017,375165985596.12396
Peru,PER,2018,398280777380.12897
Peru,PER,2019,415827578906.526
Peru,PER,2020,
Philippines,PHL,2010,588000732544.074
Philippines,PHL,2011,621050497572.568
Philippines,PHL,2012,679680535112.737
Philippines,PHL,2013,730910824409.18
Philippines,PHL,2014,780292861532.848
Philippines,PHL,2015,817730803200.0559
Philippines,PHL,2016,887291422584.605
Philippines,PHL,2017,948319217869.2191
Philippines,PHL,2018,1029566394258.62
Philippines,PHL,2019,1105766846728.74
Philippines,PHL,2020,
Poland,POL,2010,773672840430.3341
Poland,POL,2011,837597367415.994
Poland,POL,2012,869988219364.787
Poland,POL,2013,902981478906.606
Poland,POL,2014,932107889462.1941
Poland,POL,2015,983206202878.4509
Poland,POL,2016,1033045694272.37
Poland,POL,2017,1098114234930.34
Poland,POL,2018,1200824877405.03
Poland,POL,2019,1282108704889.18
Poland,POL,2020,
Portugal,PRT,2010,279285147121.885
Portugal,PRT,2011,278041334782.043
Portugal,PRT,2012,271411027125.957
Portugal,PRT,2013,288230115471.542
Portugal,PRT,2014,292835641286.096
Portugal,PRT,2015,298988604095.75604
Portugal,PRT,2016,318436286348.29803
Portugal,PRT,2017,333441913999.331
Portugal,PRT,2018,361519181867.437
Portugal,PRT,2019,380404244132.552
Portugal,PRT,2020,
Qatar,QAT,2010,219766705170.90198
Qatar,QAT,2011,261273849633.203
Qatar,QAT,2012,290855585759.324
Qatar,QAT,2013,306140973585.69104
Qatar,QAT,2014,303091063018.377
Qatar,QAT,2015,233271189618.365
Qatar,QAT,2016,218972397296.50897
Qatar,QAT,2017,249312147628.67603
Qatar,QAT,2018,253918622423.327
Qatar,QAT,2019,259617193950.19397
Qatar,QAT,2020,
Romania,ROU,2010,339905947838.906
Romania,ROU,2011,355972489429.188
Romania,ROU,2012,371918572292.16797
Romania,ROU,2013,389545047075.435
Romania,ROU,2014,409338650278.37897
Romania,ROU,2015,423631483391.363
Romania,ROU,2016,471853914724.331
Romania,ROU,2017,525794817984.971
Romania,ROU,2018,576744900600.106
Romania,ROU,2019,636122655372.629
Romania,ROU,2020,
Russian Federation,RUS,2010,2836588557943.54
Russian Federation,RUS,2011,3163098238398.54
Russian Federation,RUS,2012,3373665030012.89
Russian Federation,RUS,2013,3611852783386.43
Russian Federation,RUS,2014,3639325111273.82
Russian Federation,RUS,2015,3428609968113.92
Russian Federation,RUS,2016,3440587138815.9
Russian Federation,RUS,2017,3716765323187.99
Russian Federation,RUS,2018,4202068110032.58
Russian Federation,RUS,2019,4293515763206.21
Russian Federation,RUS,2020,
Rwanda,RWA,2010,13461073151.4065
Rwanda,RWA,2011,14815468620.0324
Rwanda,RWA,2012,15518655300.4915
Rwanda,RWA,2013,16404665590.4225
Rwanda,RWA,2014,18515967703.5649
Rwanda,RWA,2015,20049281858.1788
Rwanda,RWA,2016,21448563464.1392
Rwanda,RWA,2017,23152331373.7078
Rwanda,RWA,2018,25435592739.4105
Rwanda,RWA,2019,28392207258.882004
Rwanda,RWA,2020,
Samoa,WSM,2010,966999334.41001
Samoa,WSM,2011,1020029218.05116
Samoa,WSM,2012,999743394.37096
Samoa,WSM,2013,1012610226.41744
Samoa,WSM,2014,1028215858.95766
Samoa,WSM,2015,1104734531.28948
Samoa,WSM,2016,1202494361.27187
Samoa,WSM,2017,1226555664.3989
Samoa,WSM,2018,1223367315.14333
Samoa,WSM,2019,1280677786.36999
Samoa,WSM,2020,
San Marino,SMR,2010,
San Marino,SMR,2011,
San Marino,SMR,2012,
San Marino,SMR,2013,
San Marino,SMR,2014,
San Marino,SMR,2015,
San Marino,SMR,2016,
San Marino,SMR,2017,
San Marino,SMR,2018,
San Marino,SMR,2019,
San Marino,SMR,2020,
Sao Tome and Principe,STP,2010,520465560.503263
Sao Tome and Principe,STP,2011,554959981.522059
Sao Tome and Principe,STP,2012,546231070.766138
Sao Tome and Principe,STP,2013,643005258.19779
Sao Tome and Principe,STP,2014,759409789.949252
Sao Tome and Principe,STP,2015,762852020.721765
Sao Tome and Principe,STP,2016,792614758.494514
Sao Tome and Principe,STP,2017,816184919.730232
Sao Tome and Principe,STP,2018,863373595.9311941
Sao Tome and Principe,STP,2019,887812266.4094939
Sao Tome and Principe,STP,2020,
Saudi Arabia,SAU,2010,1431866904325.84
Saudi Arabia,SAU,2011,1609641123708.09
Saudi Arabia,SAU,2012,1697441896265.17
Saudi Arabia,SAU,2013,1710674772203.64
Saudi Arabia,SAU,2014,1760505616518.9
Saudi Arabia,SAU,2015,1582553666578.91
Saudi Arabia,SAU,2016,1511656097252.0
Saudi Arabia,SAU,2017,1590219660708.5
Saudi Arabia,SAU,2018,1659189557487.31
Saudi Arabia,SAU,2019,1696899341619.51
Saudi Arabia,SAU,2020,
Senegal,SEN,2010,33445704637.8282
Senegal,SEN,2011,34415226315.3097
Senegal,SEN,2012,36427222864.5151
Senegal,SEN,2013,37245933448.3051
Senegal,SEN,2014,39358815590.1772
Senegal,SEN,2015,42363282419.3143
Senegal,SEN,2016,44911708617.1489
Senegal,SEN,2017,48020557391.9318
Senegal,SEN,2018,52441696313.5792
Senegal,SEN,2019,56561986883.0706
Senegal,SEN,2020,
Serbia,SRB,2010,91397692094.93301
Serbia,SRB,2011,97317219680.2811
Serbia,SRB,2012,97051562165.0704
Serbia,SRB,2013,100740856439.997
Serbia,SRB,2014,100573284761.255
Serbia,SRB,2015,101008989370.848
Serbia,SRB,2016,105777033442.95699
Serbia,SRB,2017,109332663599.003
Serbia,SRB,2018,121253006161.496
Serbia,SRB,2019,128092017317.12
Serbia,SRB,2020,
Seychelles,SYC,2010,1646832590.66869
Seychelles,SYC,2011,1704881471.71727
Seychelles,SYC,2012,1796647359.6133802
Seychelles,SYC,2013,1907297429.6139102
Seychelles,SYC,2014,2048795965.8126898
Seychelles,SYC,2015,2112360165.0685
Seychelles,SYC,2016,2245383378.88729
Seychelles,SYC,2017,2417588944.33819
Seychelles,SYC,2018,2644251430.2066803
Seychelles,SYC,2019,2876690726.0118604
Seychelles,SYC,2020,
Sierra Leone,SLE,2010,7356159783.2039
Sierra Leone,SLE,2011,7786542195.82346
Sierra Leone,SLE,2012,9738223472.1891
Sierra Leone,SLE,2013,11922760797.3981
Sierra Leone,SLE,2014,12246518774.9448
Sierra Leone,SLE,2015,11226733103.7828
Sierra Leone,SLE,2016,10434653657.3075
Sierra Leone,SLE,2017,11938865734.8629
Sierra Leone,SLE,2018,12119887196.0028
Sierra Leone,SLE,2019,13844539219.8355
Sierra Leone,SLE,2020,
Singapore,SGP,2010,378119206239.981
Singapore,SGP,2011,400707778808.442
Singapore,SGP,2012,416578549823.04706
Singapore,SGP,2013,424002358121.386
Singapore,SGP,2014,445708256666.976
Singapore,SGP,2015,448557736908.24
Singapore,SGP,2016,469524071593.09296
Singapore,SGP,2017,492395261470.97797
Singapore,SGP,2018,510377844943.974
Singapore,SGP,2019,526256713214.139
Singapore,SGP,2020,
Slovak Republic,SVK,2010,133087466090.496
Slovak Republic,SVK,2011,135957429498.407
Slovak Republic,SVK,2012,143374289950.09302
Slovak Republic,SVK,2013,150457866037.905
Slovak Republic,SVK,2014,155375915716.958
Slovak Republic,SVK,2015,158356854264.487
Slovak Republic,SVK,2016,156887776881.28198
Slovak Republic,SVK,2017,161122696633.579
Slovak Republic,SVK,2018,174875580930.043
Slovak Republic,SVK,2019,179573663413.76898
Slovak Republic,SVK,2020,
Slovenia,SVN,2010,56293486326.7615
Slovenia,SVN,2011,58585332628.1712
Slovenia,SVN,2012,58814142549.4361
Slovenia,SVN,2013,60918129358.2224
Slovenia,SVN,2014,63069203941.5599
Slovenia,SVN,2015,63252908627.2757
Slovenia,SVN,2016,68303102029.7827
Slovenia,SVN,2017,74319054782.8306
Slovenia,SVN,2018,81920105432.0751
Slovenia,SVN,2019,87174385055.3245
Slovenia,SVN,2020,
Solomon Islands,SLB,2010,1089625192.53338
Solomon Islands,SLB,2011,1170068050.8640199
Solomon Islands,SLB,2012,1243825579.24712
Solomon Islands,SLB,2013,1404453986.0682302
Solomon Islands,SLB,2014,1425935249.7332098
Solomon Islands,SLB,2015,1449604554.02771
Solomon Islands,SLB,2016,1532262905.38614
Solomon Islands,SLB,2017,1661727314.95544
Solomon Islands,SLB,2018,1782324490.2318301
Solomon Islands,SLB,2019,1843329781.51065
Solomon Islands,SLB,2020,
Somalia,SOM,2010,
Somalia,SOM,2011,
Somalia,SOM,2012,
Somalia,SOM,2013,
Somalia,SOM,2014,
Somalia,SOM,2015,
Somalia,SOM,2016,
Somalia,SOM,2017,
Somalia,SOM,2018,
Somalia,SOM,2019,
Somalia,SOM,2020,
South Africa,ZAF,2010,587540657936.703
South Africa,ZAF,2011,616821696796.9979
South Africa,ZAF,2012,619739350156.296
South Africa,ZAF,2013,650936442976.2429
South Africa,ZAF,2014,664730482950.131
South Africa,ZAF,2015,677999059197.49
South Africa,ZAF,2016,688184240521.7161
South Africa,ZAF,2017,702384466248.083
South Africa,ZAF,2018,723949726053.7571
South Africa,ZAF,2019,741738160118.5079
South Africa,ZAF,2020,
South Sudan,SSD,2010,
South Sudan,SSD,2011,16038626934.766
South Sudan,SSD,2012,14790639635.8154
South Sudan,SSD,2013,20542512085.5034
South Sudan,SSD,2014,13514791883.5209
South Sudan,SSD,2015,11604300048.0557
South Sudan,SSD,2016,
South Sudan,SSD,2017,
South Sudan,SSD,2018,
South Sudan,SSD,2019,
South Sudan,SSD,2020,
Spain,ESP,2010,1455284496881.75
Spain,ESP,2011,1463308449873.9
Spain,ESP,2012,1471780320471.5
Spain,ESP,2013,1501976882039.12
Spain,ESP,2014,1552593080187.63
Spain,ESP,2015,1620705839877.25
Spain,ESP,2016,1737496965660.61
Spain,ESP,2017,1848350351684.3
Spain,ESP,2018,1969334536924.74
Spain,ESP,2019,2050707102942.41
Spain,ESP,2020,
Sri Lanka,LKA,2010,164223838597.43
Sri Lanka,LKA,2011,181910599698.272
Sri Lanka,LKA,2012,206950552659.399
Sri Lanka,LKA,2013,218124451812.08102
Sri Lanka,LKA,2014,228565788492.023
Sri Lanka,LKA,2015,236279911702.493
Sri Lanka,LKA,2016,252283568160.724
Sri Lanka,LKA,2017,262709274806.972
Sri Lanka,LKA,2018,277822584867.516
Sri Lanka,LKA,2019,289188790348.268
Sri Lanka,LKA,2020,
St. Kitts and Nevis,KNA,2010,1041403759.0930699
St. Kitts and Nevis,KNA,2011,1085005760.6173599
St. Kitts and Nevis,KNA,2012,1040063651.0458
St. Kitts and Nevis,KNA,2013,1095525002.04634
St. Kitts and Nevis,KNA,2014,1126403235.97201
St. Kitts and Nevis,KNA,2015,1138913288.50629
St. Kitts and Nevis,KNA,2016,1209140537.73026
St. Kitts and Nevis,KNA,2017,1254930909.96574
St. Kitts and Nevis,KNA,2018,1327099130.41825
St. Kitts and Nevis,KNA,2019,1392768471.15006
St. Kitts and Nevis,KNA,2020,
St. Lucia,LCA,2010,2103471819.7724102
St. Lucia,LCA,2011,2297805120.62173
St. Lucia,LCA,2012,2256306242.70349
St. Lucia,LCA,2013,2340100704.32408
St. Lucia,LCA,2014,2304064040.82224
St. Lucia,LCA,2015,2220165273.73071
St. Lucia,LCA,2016,2413765345.33632
St. Lucia,LCA,2017,2558638549.1451
St. Lucia,LCA,2018,2672942131.0212803
St. Lucia,LCA,2019,2774769472.1051
St. Lucia,LCA,2020,
St. Vincent and the Grenadines,VCT,2010,1077900540.91377
St. Vincent and the Grenadines,VCT,2011,1094556250.36243
St. Vincent and the Grenadines,VCT,2012,1127672288.17059
St. Vincent and the Grenadines,VCT,2013,1178894343.25033
St. Vincent and the Grenadines,VCT,2014,1180712569.46047
St. Vincent and the Grenadines,VCT,2015,1240035784.97745
St. Vincent and the Grenadines,VCT,2016,1354300475.1646
St. Vincent and the Grenadines,VCT,2017,1335277351.37259
St. Vincent and the Grenadines,VCT,2018,1393193960.87552
St. Vincent and the Grenadines,VCT,2019,1430308773.52545
St. Vincent and the Grenadines,VCT,2020,
Sudan,SDN,2010,144182474541.834
Sudan,SDN,2011,138252289994.32
Sudan,SDN,2012,142798888417.107
Sudan,SDN,2013,147780281950.934
Sudan,SDN,2014,177742648960.37198
Sudan,SDN,2015,194018525681.42
Sudan,SDN,2016,174361570239.824
Sudan,SDN,2017,174257425536.273
Sudan,SDN,2018,173058898741.426
Sudan,SDN,2019,166393163553.486
Sudan,SDN,2020,
Suriname,SUR,2010,6997716781.103829
Suriname,SUR,2011,7287563034.49645
Suriname,SUR,2012,8213418033.822341
Suriname,SUR,2013,8968094623.77967
Suriname,SUR,2014,9422022464.704979
Suriname,SUR,2015,8961394444.80538
Suriname,SUR,2016,7591492999.538559
Suriname,SUR,2017,8186673669.560659
Suriname,SUR,2018,8707714874.9984
Suriname,SUR,2019,8901659659.193329
Suriname,SUR,2020,
Sweden,SWE,2010,407048620629.391
Sweden,SWE,2011,430123918452.671
Sweden,SWE,2012,442391061204.645
Sweden,SWE,2013,454602118873.682
Sweden,SWE,2014,467164180301.636
Sweden,SWE,2015,485011660326.86896
Sweden,SWE,2016,503311160695.96796
Sweden,SWE,2017,533074193654.40295
Sweden,SWE,2018,572071943590.148
Sweden,SWE,2019,597139281248.56
Sweden,SWE,2020,
Switzerland,CHE,2010,440007714970.675
Switzerland,CHE,2011,449676395959.06396
Switzerland,CHE,2012,472965119284.64703
Switzerland,CHE,2013,496497257475.75
Switzerland,CHE,2014,509076700726.579
Switzerland,CHE,2015,541165177198.678
Switzerland,CHE,2016,551647727386.178
Switzerland,CHE,2017,556311152122.776
Switzerland,CHE,2018,605114618933.1371
Switzerland,CHE,2019,632858959339.3771
Switzerland,CHE,2020,
Syrian Arab Republic,SYR,2010,
Syrian Arab Republic,SYR,2011,
Syrian Arab Republic,SYR,2012,
Syrian Arab Republic,SYR,2013,
Syrian Arab Republic,SYR,2014,
Syrian Arab Republic,SYR,2015,
Syrian Arab Republic,SYR,2016,
Syrian Arab Republic,SYR,2017,
Syrian Arab Republic,SYR,2018,
Syrian Arab Republic,SYR,2019,
Syrian Arab Republic,SYR,2020,
Tajikistan,TJK,2010,21650983632.7241
Tajikistan,TJK,2011,24502585880.9376
Tajikistan,TJK,2012,27649805633.739
Tajikistan,TJK,2013,32099463306.2014
Tajikistan,TJK,2014,33792660554.7335
Tajikistan,TJK,2015,30205900190.8183
Tajikistan,TJK,2016,31326779891.4301
Tajikistan,TJK,2017,32094206010.1166
Tajikistan,TJK,2018,35068900415.3
Tajikistan,TJK,2019,38289354364.5244
Tajikistan,TJK,2020,
Tanzania,TZA,2010,88300340743.9913
Tanzania,TZA,2011,97002460506.0813
Tanzania,TZA,2012,94529738517.3872
Tanzania,TZA,2013,101725607977.679
Tanzania,TZA,2014,107031002998.604
Tanzania,TZA,2015,115147236431.224
Tanzania,TZA,2016,124836678462.57
Tanzania,TZA,2017,131217326623.384
Tanzania,TZA,2018,140557100257.445
Tanzania,TZA,2019,152454684870.174
Tanzania,TZA,2020,
Thailand,THA,2010,849519757319.6371
Thailand,THA,2011,890774204971.9641
Thailand,THA,2012,962565591015.47
Thailand,THA,2013,982839168917.538
Thailand,THA,2014,1004937587069.8
Thailand,THA,2015,1031139449774.92
Thailand,THA,2016,1092384223464.17
Thailand,THA,2017,1151656441215.65
Thailand,THA,2018,1224069353216.63
Thailand,THA,2019,1293101727432.67
Thailand,THA,2020,
Timor-Leste,TLS,2010,8100383267.68153
Timor-Leste,TLS,2011,10105477561.6759
Timor-Leste,TLS,2012,9860409637.77045
Timor-Leste,TLS,2013,8520032444.59501
Timor-Leste,TLS,2014,7368660227.62549
Timor-Leste,TLS,2015,6103032554.468161
Timor-Leste,TLS,2016,5158320093.93941
Timor-Leste,TLS,2017,5555679523.8009205
Timor-Leste,TLS,2018,5691022135.87222
Timor-Leste,TLS,2019,6421012667.50764
Timor-Leste,TLS,2020,
Togo,TGO,2010,7298190564.4774
Togo,TGO,2011,8463956228.3191
Togo,TGO,2012,8325342477.13935
Togo,TGO,2013,8921364449.72602
Togo,TGO,2014,9577642653.30672
Togo,TGO,2015,10577120513.5998
Togo,TGO,2016,11023673694.766
Togo,TGO,2017,11687035212.9277
Togo,TGO,2018,12594558820.3593
Togo,TGO,2019,13526525781.9739
Togo,TGO,2020,
Tonga,TON,2010,495003930.79000497
Tonga,TON,2011,537942935.8285099
Tonga,TON,2012,553018017.7076349
Tonga,TON,2013,562086692.996778
Tonga,TON,2014,573892842.937286
Tonga,TON,2015,588451241.760829
Tonga,TON,2016,630469289.624053
Tonga,TON,2017,686360863.461617
Tonga,TON,2018,719436596.8725481
Tonga,TON,2019,730938483.022805
Tonga,TON,2020,
Trinidad and Tobago,TTO,2010,38571392278.1815
Trinidad and Tobago,TTO,2011,36695932591.946
Trinidad and Tobago,TTO,2012,36835904408.0776
Trinidad and Tobago,TTO,2013,38353998987.3133
Trinidad and Tobago,TTO,2014,37934914092.36
Trinidad and Tobago,TTO,2015,37052696592.3605
Trinidad and Tobago,TTO,2016,35697657556.4502
Trinidad and Tobago,TTO,2017,36883235267.1389
Trinidad and Tobago,TTO,2018,36353284924.2271
Trinidad and Tobago,TTO,2019,37857180201.0365
Trinidad and Tobago,TTO,2020,
Tunisia,TUN,2010,102937036777.429
Tunisia,TUN,2011,103048392300.402
Tunisia,TUN,2012,106139515924.99301
Tunisia,TUN,2013,107073102533.151
Tunisia,TUN,2014,111432879156.612
Tunisia,TUN,2015,110536919999.91301
Tunisia,TUN,2016,113664872520.44699
Tunisia,TUN,2017,117404469799.96901
Tunisia,TUN,2018,123145788072.218
Tunisia,TUN,2019,126888352880.90599
Tunisia,TUN,2020,
Turkey,TUR,2010,1259095932401.92
Turkey,TUR,2011,1441544674309.68
Turkey,TUR,2012,1539087083382.36
Turkey,TUR,2013,1688336890751.51
Turkey,TUR,2014,1844213193241.04
Turkey,TUR,2015,1999739161161.06
Turkey,TUR,2016,2094058015578.73
Turkey,TUR,2017,2242168185354.19
Turkey,TUR,2018,2337075049842.41
Turkey,TUR,2019,2307632951046.52
Turkey,TUR,2020,
Turkmenistan,TKM,2010,45722924072.4045
Turkmenistan,TKM,2011,52789503109.1211
Turkmenistan,TKM,2012,57503025651.6309
Turkmenistan,TKM,2013,62407231340.9251
Turkmenistan,TKM,2014,67102532122.3818
Turkmenistan,TKM,2015,71735322172.8103
Turkmenistan,TKM,2016,76445710804.7088
Turkmenistan,TKM,2017,78393490626.9716
Turkmenistan,TKM,2018,85226709569.279
Turkmenistan,TKM,2019,
Turkmenistan,TKM,2020,
Tuvalu,TUV,2010,49291845.548885494
Tuvalu,TUV,2011,50436773.5213591
Tuvalu,TUV,2012,43459568.1167756
Tuvalu,TUV,2013,54547258.739693396
Tuvalu,TUV,2014,48514805.433432795
Tuvalu,TUV,2015,62957615.2084682
Tuvalu,TUV,2016,63411770.1109812
Tuvalu,TUV,2017,63389653.63887261
Tuvalu,TUV,2018,70050076.484556
Tuvalu,TUV,2019,71954448.90662299
Tuvalu,TUV,2020,
Uganda,UGA,2010,66606800679.7384
Uganda,UGA,2011,74468592859.3859
Uganda,UGA,2012,68126892521.0251
Uganda,UGA,2013,70302250671.6159
Uganda,UGA,2014,75321006669.9279
Uganda,UGA,2015,79794449795.6947
Uganda,UGA,2016,81153945783.1564
Uganda,UGA,2017,83396734294.2227
Uganda,UGA,2018,90264230399.9738
Uganda,UGA,2019,98489563390.1301
Uganda,UGA,2020,
Ukraine,UKR,2010,372634874963.11
Ukraine,UKR,2011,397751382057.074
Ukraine,UKR,2012,418808180763.59
Ukraine,UKR,2013,478317354943.16797
Ukraine,UKR,2014,456689210728.16205
Ukraine,UKR,2015,437283649075.699
Ukraine,UKR,2016,483248219684.615
Ukraine,UKR,2017,515944166360.639
Ukraine,UKR,2018,547892958120.335
Ukraine,UKR,2019,579590094319.106
Ukraine,UKR,2020,
United Arab Emirates,ARE,2010,554578548595.186
United Arab Emirates,ARE,2011,605808769081.9879
United Arab Emirates,ARE,2012,632212172329.896
United Arab Emirates,ARE,2013,648063820753.781
United Arab Emirates,ARE,2014,679448062185.081
United Arab Emirates,ARE,2015,604104698714.526
United Arab Emirates,ARE,2016,602327541485.937
United Arab Emirates,ARE,2017,641975592252.713
United Arab Emirates,ARE,2018,662908531968.578
United Arab Emirates,ARE,2019,688157122981.848
United Arab Emirates,ARE,2020,
United Kingdom,GBR,2010,2290356231304.52
United Kingdom,GBR,2011,2360641992374.5
United Kingdom,GBR,2012,2414348506486.29
United Kingdom,GBR,2013,2508447345407.68
United Kingdom,GBR,2014,2612946778839.82
United Kingdom,GBR,2015,2707891548781.25
United Kingdom,GBR,2016,2826422481458.84
United Kingdom,GBR,2017,2993961214615.0
United Kingdom,GBR,2018,3190144256525.79
United Kingdom,GBR,2019,3277824368577.56
United Kingdom,GBR,2020,
United States,USA,2010,15126736000000.0
United States,USA,2011,15832207000000.0
United States,USA,2012,16670651000000.0
United States,USA,2013,17175898000000.0
United States,USA,2014,18057489000000.0
United States,USA,2015,18704317000000.0
United States,USA,2016,19045164000000.0
United States,USA,2017,19830277000000.1
United States,USA,2018,20837347000000.1
United States,USA,2019,21690012900000.0
United States,USA,2020,
Uruguay,URY,2010,54386110587.9321
Uruguay,URY,2011,58589197626.3661
Uruguay,URY,2012,57034863431.4259
Uruguay,URY,2013,61370940005.0751
Uruguay,URY,2014,64012672369.2185
Uruguay,URY,2015,65894817067.7221
Uruguay,URY,2016,67291572981.5448
Uruguay,URY,2017,68924690398.7391
Uruguay,URY,2018,71008482905.0625
Uruguay,URY,2019,73318582462.6401
Uruguay,URY,2020,
Uzbekistan,UZB,2010,146731919198.6
Uzbekistan,UZB,2011,161559906176.93802
Uzbekistan,UZB,2012,170707243416.585
Uzbekistan,UZB,2013,180556615900.712
Uzbekistan,UZB,2014,192173670374.62198
Uzbekistan,UZB,2015,201986598838.024
Uzbekistan,UZB,2016,207853080775.1
Uzbekistan,UZB,2017,215456449592.32
Uzbekistan,UZB,2018,234878006099.54602
Uzbekistan,UZB,2019,249122087959.44397
Uzbekistan,UZB,2020,
Vanuatu,VUT,2010,661417869.173175
Vanuatu,VUT,2011,688194816.58647
Vanuatu,VUT,2012,690928998.432618
Vanuatu,VUT,2013,758449007.269641
Vanuatu,VUT,2014,795150421.339743
Vanuatu,VUT,2015,802475975.590981
Vanuatu,VUT,2016,834240848.2861661
Vanuatu,VUT,2017,878774469.817288
Vanuatu,VUT,2018,945448653.511943
Vanuatu,VUT,2019,996784874.96578
Vanuatu,VUT,2020,
"Venezuela, RB",VEN,2010,470221384672.78705
"Venezuela, RB",VEN,2011,493557717634.178
"Venezuela, RB",VEN,2012,
"Venezuela, RB",VEN,2013,
"Venezuela, RB",VEN,2014,
"Venezuela, RB",VEN,2015,
"Venezuela, RB",VEN,2016,
"Venezuela, RB",VEN,2017,
"Venezuela, RB",VEN,2018,
"Venezuela, RB",VEN,2019,
"Venezuela, RB",VEN,2020,
Vietnam,VNM,2010,356506285955.29
Vietnam,VNM,2011,384663335500.307
Vietnam,VNM,2012,434659185242.37103
Vietnam,VNM,2013,465497570616.94604
Vietnam,VNM,2014,501888463952.615
Vietnam,VNM,2015,536539130014.396
Vietnam,VNM,2016,589741573548.919
Vietnam,VNM,2017,628963647325.076
Vietnam,VNM,2018,696411020930.516
Vietnam,VNM,2019,762988256890.134
Vietnam,VNM,2020,
West Bank and Gaza,PSE,2010,16518881597.8209
West Bank and Gaza,PSE,2011,18568276886.8443
West Bank and Gaza,PSE,2012,22319464164.0717
West Bank and Gaza,PSE,2013,23691827250.3597
West Bank and Gaza,PSE,2014,25433044780.3951
West Bank and Gaza,PSE,2015,28541925647.3697
West Bank and Gaza,PSE,2016,30924647527.1429
West Bank and Gaza,PSE,2017,32283134198.3557
West Bank and Gaza,PSE,2018,34635715905.1177
West Bank and Gaza,PSE,2019,35173987728.0265
West Bank and Gaza,PSE,2020,
"Yemen, Rep.",YEM,2010,90700650717.6567
"Yemen, Rep.",YEM,2011,79742574004.9292
"Yemen, Rep.",YEM,2012,81652542721.426
"Yemen, Rep.",YEM,2013,88588654788.6028
"Yemen, Rep.",YEM,2014,
"Yemen, Rep.",YEM,2015,
"Yemen, Rep.",YEM,2016,
"Yemen, Rep.",YEM,2017,
"Yemen, Rep.",YEM,2018,
"Yemen, Rep.",YEM,2019,
"Yemen, Rep.",YEM,2020,
Zambia,ZMB,2010,40342714903.2776
Zambia,ZMB,2011,44313413076.5895
Zambia,ZMB,2012,48670115552.995995
Zambia,ZMB,2013,51230925385.5009
Zambia,ZMB,2014,53398105822.3561
Zambia,ZMB,2015,53416507706.8293
Zambia,ZMB,2016,53992049816.7248
Zambia,ZMB,2017,56131829918.0733
Zambia,ZMB,2018,61624930936.8384
Zambia,ZMB,2019,63616392245.9296
Zambia,ZMB,2020,
Zimbabwe,ZWE,2010,20491802498.8268
Zimbabwe,ZWE,2011,23257335849.2756
Zimbabwe,ZWE,2012,27130426246.4164
Zimbabwe,ZWE,2013,30824982317.5151
Zimbabwe,ZWE,2014,32122394049.3391
Zimbabwe,ZWE,2015,33340681206.5211
Zimbabwe,ZWE,2016,35973034626.7689
Zimbabwe,ZWE,2017,39276020087.4136
Zimbabwe,ZWE,2018,43239325158.8878
Zimbabwe,ZWE,2019,40125247554.3041
Zimbabwe,ZWE,2020,
