﻿"Data Source","World Development Indicators",

"Last Updated Date","2021-02-17",

"Country Name","Country Code","Indicator Name","Indicator Code","2000","2001","2002","2003","2004","2005","2006","2007","2008","2009","2010","2011","2012","2013","2014","2015","2016","2017","2018","2019","2020",
"Aruba","ABW","Adequacy of social protection and labor programs (% of total welfare of beneficiary households)","per_allsp.adq_pop_tot","","","","","","","","","","","","","","","","","","","","","",
"Afghanistan","AFG","Adequacy of social protection and labor programs (% of total welfare of beneficiary households)","per_allsp.adq_pop_tot","","","","","","","","22.9863095208032","","","","","","","","","","","","","",
"Angola","AGO","Adequacy of social protection and labor programs (% of total welfare of beneficiary households)","per_allsp.adq_pop_tot","","","","","","","","","","","","","","","","","","","","","",
"Albania","ALB","Adequacy of social protection and labor programs (% of total welfare of beneficiary households)","per_allsp.adq_pop_tot","","","","","","","","","23.8907415023162","","","","27.9899243700694","","","","","","","","",
"Andorra","AND","Adequacy of social protection and labor programs (% of total welfare of beneficiary households)","per_allsp.adq_pop_tot","","","","","","","","","","","","","","","","","","","","","",
"Arab World","ARB","Adequacy of social protection and labor programs (% of total welfare of beneficiary households)","per_allsp.adq_pop_tot","","","","","","","","","","","","","","","","","","","","","",
"United Arab Emirates","ARE","Adequacy of social protection and labor programs (% of total welfare of beneficiary households)","per_allsp.adq_pop_tot","","","","","","","","","","","","","","","","","","","","","",
"Argentina","ARG","Adequacy of social protection and labor programs (% of total welfare of beneficiary households)","per_allsp.adq_pop_tot","","","","","","","40.860254835823","","","","37.0139554841883","29.8767149932002","32.7864583220457","38.150376132637","38.585603446258","","38.9170114183032","39.311129870351","38.033302676815","","",
"Armenia","ARM","Adequacy of social protection and labor programs (% of total welfare of beneficiary households)","per_allsp.adq_pop_tot","","","","","","","","","27.9061611806169","33.9758667578558","34.321218516934","33.3420767228478","34.8695270203955","32.6432873498616","33.6338948232925","33.6156989262368","33.9091521362317","35.9685302839512","","","",
"American Samoa","ASM","Adequacy of social protection and labor programs (% of total welfare of beneficiary households)","per_allsp.adq_pop_tot","","","","","","","","","","","","","","","","","","","","","",
"Antigua and Barbuda","ATG","Adequacy of social protection and labor programs (% of total welfare of beneficiary households)","per_allsp.adq_pop_tot","","","","","","","","","","","","","","","","","","","","","",
"Australia","AUS","Adequacy of social protection and labor programs (% of total welfare of beneficiary households)","per_allsp.adq_pop_tot","","","","","","","","","","","","","","","","","","","","","",
"Austria","AUT","Adequacy of social protection and labor programs (% of total welfare of beneficiary households)","per_allsp.adq_pop_tot","","","","","","","","","","","","","","","","","","","","","",
"Azerbaijan","AZE","Adequacy of social protection and labor programs (% of total welfare of beneficiary households)","per_allsp.adq_pop_tot","","","","","","","","","","","","","","","","2.57451897037997","","","","","",
"Burundi","BDI","Adequacy of social protection and labor programs (% of total welfare of beneficiary households)","per_allsp.adq_pop_tot","","","","","","","","","","","","","","","","","","","","","",
"Belgium","BEL","Adequacy of social protection and labor programs (% of total welfare of beneficiary households)","per_allsp.adq_pop_tot","","","","","","","","","","","","","","","","","","","","","",
"Benin","BEN","Adequacy of social protection and labor programs (% of total welfare of beneficiary households)","per_allsp.adq_pop_tot","","","","39.4935883219468","","","","","","","","","","","","","","","","","",
"Burkina Faso","BFA","Adequacy of social protection and labor programs (% of total welfare of beneficiary households)","per_allsp.adq_pop_tot","","","","50.2056302255987","","","","","","","","","","","17.1490585627034","","","","","","",
"Bangladesh","BGD","Adequacy of social protection and labor programs (% of total welfare of beneficiary households)","per_allsp.adq_pop_tot","","","","","","27.6741619783617","","","","","9.12026687338633","","","","","","6.09967943235474","","","","",
"Bulgaria","BGR","Adequacy of social protection and labor programs (% of total welfare of beneficiary households)","per_allsp.adq_pop_tot","","","","","","","","32.1923378154916","","","","","","","","","","","","","",
"Bahrain","BHR","Adequacy of social protection and labor programs (% of total welfare of beneficiary households)","per_allsp.adq_pop_tot","","","","","","","","","","","","","","","","","","","","","",
"Bahamas, The","BHS","Adequacy of social protection and labor programs (% of total welfare of beneficiary households)","per_allsp.adq_pop_tot","","","","","","","","","","","","","","","","","","","","","",
"Bosnia and Herzegovina","BIH","Adequacy of social protection and labor programs (% of total welfare of beneficiary households)","per_allsp.adq_pop_tot","","","","","","","","17.8732832316372","","","","","","","","32.4514951052962","","","","","",
"Belarus","BLR","Adequacy of social protection and labor programs (% of total welfare of beneficiary households)","per_allsp.adq_pop_tot","","","","","","","","","37.201261127528","36.4174860599729","37.0256837264748","","41.1298271274802","48.0750456721691","47.9680540048741","50.8998095377234","72.3849737471815","","","","",
"Belize","BLZ","Adequacy of social protection and labor programs (% of total welfare of beneficiary households)","per_allsp.adq_pop_tot","","","","","","","","","","23.3456198504695","","","","","","","","","","","",
"Bermuda","BMU","Adequacy of social protection and labor programs (% of total welfare of beneficiary households)","per_allsp.adq_pop_tot","","","","","","","","","","","","","","","","","","","","","",
"Bolivia","BOL","Adequacy of social protection and labor programs (% of total welfare of beneficiary households)","per_allsp.adq_pop_tot","","","","","","","27.6347126295835","26.6747636994276","17.3850775765644","17.2322788811945","","13.8241246496595","13.4974063485683","","12.8111901411935","11.0572391689488","21.447949719896","22.43429812726","","","",
"Brazil","BRA","Adequacy of social protection and labor programs (% of total welfare of beneficiary households)","per_allsp.adq_pop_tot","","","","","","","46.6679006183766","","","40.9706820023791","","40.6013716491013","39.4731116204217","","","44.7608888817092","40.8030328027819","41.3185862448263","41.7901564398711","","",
"Barbados","BRB","Adequacy of social protection and labor programs (% of total welfare of beneficiary households)","per_allsp.adq_pop_tot","","","","","","","","","","","","","","","","","","","","","",
"Brunei Darussalam","BRN","Adequacy of social protection and labor programs (% of total welfare of beneficiary households)","per_allsp.adq_pop_tot","","","","","","","","","","","","","","","","","","","","","",
"Bhutan","BTN","Adequacy of social protection and labor programs (% of total welfare of beneficiary households)","per_allsp.adq_pop_tot","","","","","","","","2.10345423165855","","","","","27.636493382853","","","","","","","","",
"Botswana","BWA","Adequacy of social protection and labor programs (% of total welfare of beneficiary households)","per_allsp.adq_pop_tot","","","","","","","","","","9.53291284082839","","","","","","26.0480065186747","","","","","",
"Central African Republic","CAF","Adequacy of social protection and labor programs (% of total welfare of beneficiary households)","per_allsp.adq_pop_tot","","","","","","","","","","","","","","","","","","","","","",
"Canada","CAN","Adequacy of social protection and labor programs (% of total welfare of beneficiary households)","per_allsp.adq_pop_tot","","","","","","","","","","","","","","","","","","","","","",
"Central Europe and the Baltics","CEB","Adequacy of social protection and labor programs (% of total welfare of beneficiary households)","per_allsp.adq_pop_tot","","","","","","","","","","","","","","","","","","","","","",
"Switzerland","CHE","Adequacy of social protection and labor programs (% of total welfare of beneficiary households)","per_allsp.adq_pop_tot","","","","","","","","","","","","","","","","","","","","","",
"Channel Islands","CHI","Adequacy of social protection and labor programs (% of total welfare of beneficiary households)","per_allsp.adq_pop_tot","","","","","","","","","","","","","","","","","","","","","",
"Chile","CHL","Adequacy of social protection and labor programs (% of total welfare of beneficiary households)","per_allsp.adq_pop_tot","","","","","","","18.7213380390438","","","17.537999433981","","18.1238074257395","","18.7602748574832","","15.2622235486438","","18.6504900384403","","","",
"China","CHN","Adequacy of social protection and labor programs (% of total welfare of beneficiary households)","per_allsp.adq_pop_tot","","","","","","","","","","","","","","36.8299630478399","","","","","","","",
"Cote d'Ivoire","CIV","Adequacy of social protection and labor programs (% of total welfare of beneficiary households)","per_allsp.adq_pop_tot","","","14.4262606044102","","","","","","26.8140348282093","","","","","","","47.5431901488892","","","","","",
"Cameroon","CMR","Adequacy of social protection and labor programs (% of total welfare of beneficiary households)","per_allsp.adq_pop_tot","","","","","","","","26.9254640403832","","","","","","","3.1276125219264","","","","","","",
"Congo, Dem. Rep.","COD","Adequacy of social protection and labor programs (% of total welfare of beneficiary households)","per_allsp.adq_pop_tot","","","","","16.9666030462289","","","","","","","","38.2566166397327","","","","","","","","",
"Congo, Rep.","COG","Adequacy of social protection and labor programs (% of total welfare of beneficiary households)","per_allsp.adq_pop_tot","","","","","","66.9927516942504","","","","","","","","","","","","","","","",
"Colombia","COL","Adequacy of social protection and labor programs (% of total welfare of beneficiary households)","per_allsp.adq_pop_tot","","","","","","","","","","","18.8289017125643","16.9390086444849","19.4021934745121","","25.2968466966453","28.3169515470841","30.1719700846033","30.4599819327932","31.5356717822758","","",
"Comoros","COM","Adequacy of social protection and labor programs (% of total welfare of beneficiary households)","per_allsp.adq_pop_tot","","","","","13.2242207060248","","","","","","","","","","","","","","","","",
"Cabo Verde","CPV","Adequacy of social protection and labor programs (% of total welfare of beneficiary households)","per_allsp.adq_pop_tot","","","","","","","","14.7376232758404","","","","","","","","","","","","","",
"Costa Rica","CRI","Adequacy of social protection and labor programs (% of total welfare of beneficiary households)","per_allsp.adq_pop_tot","","","","","","","","","38.0930530306145","","27.064308731461","26.0490996620839","24.6599758995955","","28.580486819318","28.1154014094515","29.96174868135","30.7303116563755","","","",
"Caribbean small states","CSS","Adequacy of social protection and labor programs (% of total welfare of beneficiary households)","per_allsp.adq_pop_tot","","","","","","","","","","","","","","","","","","","","","",
"Cuba","CUB","Adequacy of social protection and labor programs (% of total welfare of beneficiary households)","per_allsp.adq_pop_tot","","","","","","","","","","","","","","","","","","","","","",
"Curacao","CUW","Adequacy of social protection and labor programs (% of total welfare of beneficiary households)","per_allsp.adq_pop_tot","","","","","","","","","","","","","","","","","","","","","",
"Cayman Islands","CYM","Adequacy of social protection and labor programs (% of total welfare of beneficiary households)","per_allsp.adq_pop_tot","","","","","","","","","","","","","","","","","","","","","",
"Cyprus","CYP","Adequacy of social protection and labor programs (% of total welfare of beneficiary households)","per_allsp.adq_pop_tot","","","","","","","","","","","","","","","","","","","","","",
"Czech Republic","CZE","Adequacy of social protection and labor programs (% of total welfare of beneficiary households)","per_allsp.adq_pop_tot","","","","","","","","","","","","","","","","","","","","","",
"Germany","DEU","Adequacy of social protection and labor programs (% of total welfare of beneficiary households)","per_allsp.adq_pop_tot","","","","","","","","","","","","","","","","","","","","","",
"Djibouti","DJI","Adequacy of social protection and labor programs (% of total welfare of beneficiary households)","per_allsp.adq_pop_tot","","","","","","","","","","","","","28.9534337810507","","","","","","","","",
"Dominica","DMA","Adequacy of social protection and labor programs (% of total welfare of beneficiary households)","per_allsp.adq_pop_tot","","","28.8762114020454","","","","","","","","","","","","","","","","","","",
"Denmark","DNK","Adequacy of social protection and labor programs (% of total welfare of beneficiary households)","per_allsp.adq_pop_tot","","","","","","","","","","","","","","","","","","","","","",
"Dominican Republic","DOM","Adequacy of social protection and labor programs (% of total welfare of beneficiary households)","per_allsp.adq_pop_tot","","","","","","","","17.6463903544065","14.8299789073615","12.7337381995784","12.3540242042991","12.8723228882162","12.4912899964915","13.3912318763117","12.7205846181679","3.72112293642985","3.17158701562265","","","","",
"Algeria","DZA","Adequacy of social protection and labor programs (% of total welfare of beneficiary households)","per_allsp.adq_pop_tot","","","","","","","","","","","","","","","","","","","","","",
"East Asia & Pacific (excluding high income)","EAP","Adequacy of social protection and labor programs (% of total welfare of beneficiary households)","per_allsp.adq_pop_tot","","","","","","","","","","","","","","","","","","","","","",
"Early-demographic dividend","EAR","Adequacy of social protection and labor programs (% of total welfare of beneficiary households)","per_allsp.adq_pop_tot","","","","","","","","","","","","","","","","","","","","","",
"East Asia & Pacific","EAS","Adequacy of social protection and labor programs (% of total welfare of beneficiary households)","per_allsp.adq_pop_tot","","","","","","","","","","","","","","","","","","","","","",
"Europe & Central Asia (excluding high income)","ECA","Adequacy of social protection and labor programs (% of total welfare of beneficiary households)","per_allsp.adq_pop_tot","","","","","","","","","","","","","","","","","","","","","",
"Europe & Central Asia","ECS","Adequacy of social protection and labor programs (% of total welfare of beneficiary households)","per_allsp.adq_pop_tot","","","","","","","","","","","","","","","","","","","","","",
"Ecuador","ECU","Adequacy of social protection and labor programs (% of total welfare of beneficiary households)","per_allsp.adq_pop_tot","","","","","","","","","20.8436358825584","","24.1543051477885","26.2976474225099","24.5299792701533","","22.3717928545862","24.1473459760753","32.3457680818393","25.1201437464713","","","",
"Egypt, Arab Rep.","EGY","Adequacy of social protection and labor programs (% of total welfare of beneficiary households)","per_allsp.adq_pop_tot","","","","","","","","","21.0279803532973","","","","","","","","","","","","",
"Euro area","EMU","Adequacy of social protection and labor programs (% of total welfare of beneficiary households)","per_allsp.adq_pop_tot","","","","","","","","","","","","","","","","","","","","","",
"Eritrea","ERI","Adequacy of social protection and labor programs (% of total welfare of beneficiary households)","per_allsp.adq_pop_tot","","","","","","","","","","","","","","","","","","","","","",
"Spain","ESP","Adequacy of social protection and labor programs (% of total welfare of beneficiary households)","per_allsp.adq_pop_tot","","","","","","","","","","","","","","","","","","","","","",
"Estonia","EST","Adequacy of social protection and labor programs (% of total welfare of beneficiary households)","per_allsp.adq_pop_tot","","","","","","","","","","","","","","","","","","","","","",
"Ethiopia","ETH","Adequacy of social protection and labor programs (% of total welfare of beneficiary households)","per_allsp.adq_pop_tot","","","","","","","","","","","","","","","","11.6366160754953","","","","","",
"European Union","EUU","Adequacy of social protection and labor programs (% of total welfare of beneficiary households)","per_allsp.adq_pop_tot","","","","","","","","","","","","","","","","","","","","","",
"Fragile and conflict affected situations","FCS","Adequacy of social protection and labor programs (% of total welfare of beneficiary households)","per_allsp.adq_pop_tot","","","","","","","","","","","","","","","","","","","","","",
"Finland","FIN","Adequacy of social protection and labor programs (% of total welfare of beneficiary households)","per_allsp.adq_pop_tot","","","","","","","","","","","","","","","","","","","","","",
"Fiji","FJI","Adequacy of social protection and labor programs (% of total welfare of beneficiary households)","per_allsp.adq_pop_tot","","","","","","","","","24.1974194743883","","","","","11.2759389460665","","","","","","","",
"France","FRA","Adequacy of social protection and labor programs (% of total welfare of beneficiary households)","per_allsp.adq_pop_tot","","","","","","","","","","","","","","","","","","","","","",
"Faroe Islands","FRO","Adequacy of social protection and labor programs (% of total welfare of beneficiary households)","per_allsp.adq_pop_tot","","","","","","","","","","","","","","","","","","","","","",
"Micronesia, Fed. Sts.","FSM","Adequacy of social protection and labor programs (% of total welfare of beneficiary households)","per_allsp.adq_pop_tot","27.8978012443995","","","","","","","","","","","","","","","","","","","","",
"Gabon","GAB","Adequacy of social protection and labor programs (% of total welfare of beneficiary households)","per_allsp.adq_pop_tot","","","","","","20.7554679412611","","","","","","","","","","","","","","","",
"United Kingdom","GBR","Adequacy of social protection and labor programs (% of total welfare of beneficiary households)","per_allsp.adq_pop_tot","","","","","","","","","","","","","","","","","","","","","",
"Georgia","GEO","Adequacy of social protection and labor programs (% of total welfare of beneficiary households)","per_allsp.adq_pop_tot","","","","","","","","","","","","29.2475582033617","","","","","37.6350784714862","","","","",
"Ghana","GHA","Adequacy of social protection and labor programs (% of total welfare of beneficiary households)","per_allsp.adq_pop_tot","","","","","","0.704004572827284","","","","","","","96.4050198568497","","","","4.79529121503125","","","","",
"Gibraltar","GIB","Adequacy of social protection and labor programs (% of total welfare of beneficiary households)","per_allsp.adq_pop_tot","","","","","","","","","","","","","","","","","","","","","",
"Guinea","GIN","Adequacy of social protection and labor programs (% of total welfare of beneficiary households)","per_allsp.adq_pop_tot","","","","","","","","","","","","","10.2685133970593","","","","","","","","",
"Gambia, The","GMB","Adequacy of social protection and labor programs (% of total welfare of beneficiary households)","per_allsp.adq_pop_tot","","","","","","","","","","","5.21697311007633","","","","","","","","","","",
"Guinea-Bissau","GNB","Adequacy of social protection and labor programs (% of total welfare of beneficiary households)","per_allsp.adq_pop_tot","","","","","","","","","","","","","","","","","","","","","",
"Equatorial Guinea","GNQ","Adequacy of social protection and labor programs (% of total welfare of beneficiary households)","per_allsp.adq_pop_tot","","","","","","","","","","","","","","","","","","","","","",
"Greece","GRC","Adequacy of social protection and labor programs (% of total welfare of beneficiary households)","per_allsp.adq_pop_tot","","","","","","","","","","","","","","","","","","","","","",
"Grenada","GRD","Adequacy of social protection and labor programs (% of total welfare of beneficiary households)","per_allsp.adq_pop_tot","","","","","","","","","","","","","","","","","","","","","",
"Greenland","GRL","Adequacy of social protection and labor programs (% of total welfare of beneficiary households)","per_allsp.adq_pop_tot","","","","","","","","","","","","","","","","","","","","","",
"Guatemala","GTM","Adequacy of social protection and labor programs (% of total welfare of beneficiary households)","per_allsp.adq_pop_tot","","","","","","","11.8942263239971","","","","","4.79648352591365","","","22.3202974475634","","","","","","",
"Guam","GUM","Adequacy of social protection and labor programs (% of total welfare of beneficiary households)","per_allsp.adq_pop_tot","","","","","","","","","","","","","","","","","","","","","",
"Guyana","GUY","Adequacy of social protection and labor programs (% of total welfare of beneficiary households)","per_allsp.adq_pop_tot","","","","","","","","","","","","","","","","","","","","","",
"High income","HIC","Adequacy of social protection and labor programs (% of total welfare of beneficiary households)","per_allsp.adq_pop_tot","","","","","","","","","","","","","","","","","","","","","",
"Hong Kong SAR, China","HKG","Adequacy of social protection and labor programs (% of total welfare of beneficiary households)","per_allsp.adq_pop_tot","","","","","","","","","","","","","","","","","","","","","",
"Honduras","HND","Adequacy of social protection and labor programs (% of total welfare of beneficiary households)","per_allsp.adq_pop_tot","","","","","","","","","5.55065925425793","21.6737366740153","8.94491730270442","11.1889857871234","","13.3302749456851","","10.7133516045325","12.9250579948359","4.34185515155317","","","",
"Heavily indebted poor countries (HIPC)","HPC","Adequacy of social protection and labor programs (% of total welfare of beneficiary households)","per_allsp.adq_pop_tot","","","","","","","","","","","","","","","","","","","","","",
"Croatia","HRV","Adequacy of social protection and labor programs (% of total welfare of beneficiary households)","per_allsp.adq_pop_tot","","","","","","","","","32.6696749530473","","39.5218059199024","43.7565545897587","","","41.8274215906226","","","","","","",
"Haiti","HTI","Adequacy of social protection and labor programs (% of total welfare of beneficiary households)","per_allsp.adq_pop_tot","","0.567829723100429","","","","","","","","","","","34.5982204163246","","","","","","","","",
"Hungary","HUN","Adequacy of social protection and labor programs (% of total welfare of beneficiary households)","per_allsp.adq_pop_tot","","","","","","","","50.4018973039995","","","","","","","","","","","","","",
"IBRD only","IBD","Adequacy of social protection and labor programs (% of total welfare of beneficiary households)","per_allsp.adq_pop_tot","","","","","","","","","","","","","","","","","","","","","",
"IDA & IBRD total","IBT","Adequacy of social protection and labor programs (% of total welfare of beneficiary households)","per_allsp.adq_pop_tot","","","","","","","","","","","","","","","","","","","","","",
"IDA total","IDA","Adequacy of social protection and labor programs (% of total welfare of beneficiary households)","per_allsp.adq_pop_tot","","","","","","","","","","","","","","","","","","","","","",
"IDA blend","IDB","Adequacy of social protection and labor programs (% of total welfare of beneficiary households)","per_allsp.adq_pop_tot","","","","","","","","","","","","","","","","","","","","","",
"Indonesia","IDN","Adequacy of social protection and labor programs (% of total welfare of beneficiary households)","per_allsp.adq_pop_tot","","","","","","","","","","","","","","","","15.9433132062446","","3.16716991973935","","","",
"IDA only","IDX","Adequacy of social protection and labor programs (% of total welfare of beneficiary households)","per_allsp.adq_pop_tot","","","","","","","","","","","","","","","","","","","","","",
"Isle of Man","IMN","Adequacy of social protection and labor programs (% of total welfare of beneficiary households)","per_allsp.adq_pop_tot","","","","","","","","","","","","","","","","","","","","","",
"India","IND","Adequacy of social protection and labor programs (% of total welfare of beneficiary households)","per_allsp.adq_pop_tot","","","","","","","","","","","","5.19932005409615","","","","","","","","","",
"Not classified","INX","Adequacy of social protection and labor programs (% of total welfare of beneficiary households)","per_allsp.adq_pop_tot","","","","","","","","","","","","","","","","","","","","","",
"Ireland","IRL","Adequacy of social protection and labor programs (% of total welfare of beneficiary households)","per_allsp.adq_pop_tot","","","","","","","","","","","","","","","","","","","","","",
"Iran, Islamic Rep.","IRN","Adequacy of social protection and labor programs (% of total welfare of beneficiary households)","per_allsp.adq_pop_tot","","","","","","","","","","","","","","","","","","","","","",
"Iraq","IRQ","Adequacy of social protection and labor programs (% of total welfare of beneficiary households)","per_allsp.adq_pop_tot","","","","","","","7.54538008512985","","","","","","9.52487650920215","","","","","","","","",
"Iceland","ISL","Adequacy of social protection and labor programs (% of total welfare of beneficiary households)","per_allsp.adq_pop_tot","","","","","","","","","","","","","","","","","","","","","",
"Israel","ISR","Adequacy of social protection and labor programs (% of total welfare of beneficiary households)","per_allsp.adq_pop_tot","","","","","","","","","","","","","","","","","","","","","",
"Italy","ITA","Adequacy of social protection and labor programs (% of total welfare of beneficiary households)","per_allsp.adq_pop_tot","","","","","","","","","","","","","","","","","","","","","",
"Jamaica","JAM","Adequacy of social protection and labor programs (% of total welfare of beneficiary households)","per_allsp.adq_pop_tot","","","0.849291499304291","","","","","","","","11.5889924214389","","","","","","","","","","",
"Jordan","JOR","Adequacy of social protection and labor programs (% of total welfare of beneficiary households)","per_allsp.adq_pop_tot","","","","","","","19.1800785586714","","","","18.4920485561214","","","","","","","","","","",
"Japan","JPN","Adequacy of social protection and labor programs (% of total welfare of beneficiary households)","per_allsp.adq_pop_tot","","","","","","","","","","","","","","","","","","","","","",
"Kazakhstan","KAZ","Adequacy of social protection and labor programs (% of total welfare of beneficiary households)","per_allsp.adq_pop_tot","","","","","","","","9.06472606656132","","","17.91398072344","","","","35.2299501096037","37.6674242795347","","","","","",
"Kenya","KEN","Adequacy of social protection and labor programs (% of total welfare of beneficiary households)","per_allsp.adq_pop_tot","","","","","","18.8815747532928","","","","","","","","","","5.92710413684536","","","","","",
"Kyrgyz Republic","KGZ","Adequacy of social protection and labor programs (% of total welfare of beneficiary households)","per_allsp.adq_pop_tot","","","","","","","27.8360890750985","","","","","32.921132617675","42.0030024108079","42.1550978675515","","","","","","","",
"Cambodia","KHM","Adequacy of social protection and labor programs (% of total welfare of beneficiary households)","per_allsp.adq_pop_tot","","","","","","","","","6.39454966812317","","","","","12.5388144998592","","","","","","","",
"Kiribati","KIR","Adequacy of social protection and labor programs (% of total welfare of beneficiary households)","per_allsp.adq_pop_tot","","","","","","","5.61756336243835","","","","","","","","","","","","","","",
"St. Kitts and Nevis","KNA","Adequacy of social protection and labor programs (% of total welfare of beneficiary households)","per_allsp.adq_pop_tot","","","","","","","","","","","","","","","","","","","","","",
"Korea, Rep.","KOR","Adequacy of social protection and labor programs (% of total welfare of beneficiary households)","per_allsp.adq_pop_tot","","","","","","","","","","","","","","","","","","","","","",
"Kuwait","KWT","Adequacy of social protection and labor programs (% of total welfare of beneficiary households)","per_allsp.adq_pop_tot","","","","","","","","","","","","","","","","","","","","","",
"Latin America & Caribbean (excluding high income)","LAC","Adequacy of social protection and labor programs (% of total welfare of beneficiary households)","per_allsp.adq_pop_tot","","","","","","","","","","","","","","","","","","","","","",
"Lao PDR","LAO","Adequacy of social protection and labor programs (% of total welfare of beneficiary households)","per_allsp.adq_pop_tot","","","","","","","","29.8406096322887","","","","","","","","","","","","","",
"Lebanon","LBN","Adequacy of social protection and labor programs (% of total welfare of beneficiary households)","per_allsp.adq_pop_tot","","","","","","","","","","","","","","","","","","","","","",
"Liberia","LBR","Adequacy of social protection and labor programs (% of total welfare of beneficiary households)","per_allsp.adq_pop_tot","","","","","","","","39.8792255889437","","","","","","","9.48896358806708","","3.43673274600754","","","","",
"Libya","LBY","Adequacy of social protection and labor programs (% of total welfare of beneficiary households)","per_allsp.adq_pop_tot","","","","","","","","","","","","","","","","","","","","","",
"St. Lucia","LCA","Adequacy of social protection and labor programs (% of total welfare of beneficiary households)","per_allsp.adq_pop_tot","","","","","","","","","","","","","","","","","","","","","",
"Latin America & Caribbean","LCN","Adequacy of social protection and labor programs (% of total welfare of beneficiary households)","per_allsp.adq_pop_tot","","","","","","","","","","","","","","","","","","","","","",
"Least developed countries: UN classification","LDC","Adequacy of social protection and labor programs (% of total welfare of beneficiary households)","per_allsp.adq_pop_tot","","","","","","","","","","","","","","","","","","","","","",
"Low income","LIC","Adequacy of social protection and labor programs (% of total welfare of beneficiary households)","per_allsp.adq_pop_tot","","","","","","","","","","","","","","","","","","","","","",
"Liechtenstein","LIE","Adequacy of social protection and labor programs (% of total welfare of beneficiary households)","per_allsp.adq_pop_tot","","","","","","","","","","","","","","","","","","","","","",
"Sri Lanka","LKA","Adequacy of social protection and labor programs (% of total welfare of beneficiary households)","per_allsp.adq_pop_tot","","","","","","","15.2510635278607","","","15.9613388027062","","","15.4647313934163","","","","17.3317403410866","","","","",
"Lower middle income","LMC","Adequacy of social protection and labor programs (% of total welfare of beneficiary households)","per_allsp.adq_pop_tot","","","","","","","","","","","","","","","","","","","","","",
"Low & middle income","LMY","Adequacy of social protection and labor programs (% of total welfare of beneficiary households)","per_allsp.adq_pop_tot","","","","","","","","","","","","","","","","","","","","","",
"Lesotho","LSO","Adequacy of social protection and labor programs (% of total welfare of beneficiary households)","per_allsp.adq_pop_tot","","","","","","","","","","","","","","","","","","12.9534546270296","","","",
"Late-demographic dividend","LTE","Adequacy of social protection and labor programs (% of total welfare of beneficiary households)","per_allsp.adq_pop_tot","","","","","","","","","","","","","","","","","","","","","",
"Lithuania","LTU","Adequacy of social protection and labor programs (% of total welfare of beneficiary households)","per_allsp.adq_pop_tot","","","","","","","","","33.1874283713042","","","","","","","","","","","","",
"Luxembourg","LUX","Adequacy of social protection and labor programs (% of total welfare of beneficiary households)","per_allsp.adq_pop_tot","","","","","","","","","","","","","","","","","","","","","",
"Latvia","LVA","Adequacy of social protection and labor programs (% of total welfare of beneficiary households)","per_allsp.adq_pop_tot","","","","","","","","","27.8835402862956","32.3693683340066","","","","","","","","","","","",
"Macao SAR, China","MAC","Adequacy of social protection and labor programs (% of total welfare of beneficiary households)","per_allsp.adq_pop_tot","","","","","","","","","","","","","","","","","","","","","",
"St. Martin (French part)","MAF","Adequacy of social protection and labor programs (% of total welfare of beneficiary households)","per_allsp.adq_pop_tot","","","","","","","","","","","","","","","","","","","","","",
"Morocco","MAR","Adequacy of social protection and labor programs (% of total welfare of beneficiary households)","per_allsp.adq_pop_tot","","","","","","","","","","","","","","","","","","","","","",
"Monaco","MCO","Adequacy of social protection and labor programs (% of total welfare of beneficiary households)","per_allsp.adq_pop_tot","","","","","","","","","","","","","","","","","","","","","",
"Moldova","MDA","Adequacy of social protection and labor programs (% of total welfare of beneficiary households)","per_allsp.adq_pop_tot","","","","","","","","","","","32.761358878561","","34.5039213857769","34.3258897223168","","","","","","","",
"Madagascar","MDG","Adequacy of social protection and labor programs (% of total welfare of beneficiary households)","per_allsp.adq_pop_tot","","","","","","","","","","","","","","","","","","","","","",
"Maldives","MDV","Adequacy of social protection and labor programs (% of total welfare of beneficiary households)","per_allsp.adq_pop_tot","","","","","5.05130968659538","","","","","24.1812165810089","","","","","","","7.84957598138023","","","","",
"Middle East & North Africa","MEA","Adequacy of social protection and labor programs (% of total welfare of beneficiary households)","per_allsp.adq_pop_tot","","","","","","","","","","","","","","","","","","","","","",
"Mexico","MEX","Adequacy of social protection and labor programs (% of total welfare of beneficiary households)","per_allsp.adq_pop_tot","","","","","","","","","28.5970825490453","","28.4562746202326","","28.5897735818728","","28.466423876844","","24.1687957672459","","25.6982426257502","","",
"Marshall Islands","MHL","Adequacy of social protection and labor programs (% of total welfare of beneficiary households)","per_allsp.adq_pop_tot","","","","","","","","","","","","","","","","","","","","","",
"Middle income","MIC","Adequacy of social protection and labor programs (% of total welfare of beneficiary households)","per_allsp.adq_pop_tot","","","","","","","","","","","","","","","","","","","","","",
"North Macedonia","MKD","Adequacy of social protection and labor programs (% of total welfare of beneficiary households)","per_allsp.adq_pop_tot","","","","","","","","","","","","","","","","","","","","","",
"Mali","MLI","Adequacy of social protection and labor programs (% of total welfare of beneficiary households)","per_allsp.adq_pop_tot","","","","","","","","","","15.5139252572474","","","","","","","","","","","",
"Malta","MLT","Adequacy of social protection and labor programs (% of total welfare of beneficiary households)","per_allsp.adq_pop_tot","","","","","","","","","","","","","","","","","","","","","",
"Myanmar","MMR","Adequacy of social protection and labor programs (% of total welfare of beneficiary households)","per_allsp.adq_pop_tot","","","","","","","","","","","","","","","","","","24.8564810491517","","","",
"Middle East & North Africa (excluding high income)","MNA","Adequacy of social protection and labor programs (% of total welfare of beneficiary households)","per_allsp.adq_pop_tot","","","","","","","","","","","","","","","","","","","","","",
"Montenegro","MNE","Adequacy of social protection and labor programs (% of total welfare of beneficiary households)","per_allsp.adq_pop_tot","","","","","","","","","","","","53.4195250362925","51.6959689135568","55.995690667994","50.7774481182564","","","","","","",
"Mongolia","MNG","Adequacy of social protection and labor programs (% of total welfare of beneficiary households)","per_allsp.adq_pop_tot","","","","","","","","17.2350675590529","","19.5741452496238","15.6489584198297","20.1555966184695","20.713942177594","","17.6424054611309","","23.2696852530008","","","","",
"Northern Mariana Islands","MNP","Adequacy of social protection and labor programs (% of total welfare of beneficiary households)","per_allsp.adq_pop_tot","","","","","","","","","","","","","","","","","","","","","",
"Mozambique","MOZ","Adequacy of social protection and labor programs (% of total welfare of beneficiary households)","per_allsp.adq_pop_tot","","","","","","","","","43.097776514365","","","","","","26.8541209194954","","","","","","",
"Mauritania","MRT","Adequacy of social protection and labor programs (% of total welfare of beneficiary households)","per_allsp.adq_pop_tot","","","","","","","","","45.3390699385235","","","","","","","","","","","","",
"Mauritius","MUS","Adequacy of social protection and labor programs (% of total welfare of beneficiary households)","per_allsp.adq_pop_tot","","","","","","","26.4309767809955","","","","","","45.8656765684309","","","","","","","","",
"Malawi","MWI","Adequacy of social protection and labor programs (% of total welfare of beneficiary households)","per_allsp.adq_pop_tot","","","","","7.3454801841684","","","","","","6.96225657420717","","","1.91761921747411","","","4.71527003480243","","","","",
"Malaysia","MYS","Adequacy of social protection and labor programs (% of total welfare of beneficiary households)","per_allsp.adq_pop_tot","","","","","","","","","4.51273673446125","","","","2.0842100033459","","5.66017940941592","","7.60968659040604","","","","",
"North America","NAC","Adequacy of social protection and labor programs (% of total welfare of beneficiary households)","per_allsp.adq_pop_tot","","","","","","","","","","","","","","","","","","","","","",
"Namibia","NAM","Adequacy of social protection and labor programs (% of total welfare of beneficiary households)","per_allsp.adq_pop_tot","","","","","","","","","","","","","","","","12.7743716003452","","","","","",
"New Caledonia","NCL","Adequacy of social protection and labor programs (% of total welfare of beneficiary households)","per_allsp.adq_pop_tot","","","","","","","","","","","","","","","","","","","","","",
"Niger","NER","Adequacy of social protection and labor programs (% of total welfare of beneficiary households)","per_allsp.adq_pop_tot","","","","","","","","","","","","16.743985303856","","","3.37669449381265","","","","","","",
"Nigeria","NGA","Adequacy of social protection and labor programs (% of total welfare of beneficiary households)","per_allsp.adq_pop_tot","","","","","","","","","","","2.64930982351218","","7.57087321953232","","","18.3450399410856","","","","","",
"Nicaragua","NIC","Adequacy of social protection and labor programs (% of total welfare of beneficiary households)","per_allsp.adq_pop_tot","","","","","","10.7169519381357","","","","22.4578742054516","","","","","17.1421358123498","","","","","","",
"Netherlands","NLD","Adequacy of social protection and labor programs (% of total welfare of beneficiary households)","per_allsp.adq_pop_tot","","","","","","","","","","","","","","","","","","","","","",
"Norway","NOR","Adequacy of social protection and labor programs (% of total welfare of beneficiary households)","per_allsp.adq_pop_tot","","","","","","","","","","","","","","","","","","","","","",
"Nepal","NPL","Adequacy of social protection and labor programs (% of total welfare of beneficiary households)","per_allsp.adq_pop_tot","","","","","","","","","","","5.95494167576025","","","","","","","","","","",
"Nauru","NRU","Adequacy of social protection and labor programs (% of total welfare of beneficiary households)","per_allsp.adq_pop_tot","","","","","","","","","","","","","","","","","","","","","",
"New Zealand","NZL","Adequacy of social protection and labor programs (% of total welfare of beneficiary households)","per_allsp.adq_pop_tot","","","","","","","","","","","","","","","","","","","","","",
"OECD members","OED","Adequacy of social protection and labor programs (% of total welfare of beneficiary households)","per_allsp.adq_pop_tot","","","","","","","","","","","","","","","","","","","","","",
"Oman","OMN","Adequacy of social protection and labor programs (% of total welfare of beneficiary households)","per_allsp.adq_pop_tot","","","","","","","","","","","","","","","","","","","","","",
"Other small states","OSS","Adequacy of social protection and labor programs (% of total welfare of beneficiary households)","per_allsp.adq_pop_tot","","","","","","","","","","","","","","","","","","","","","",
"Pakistan","PAK","Adequacy of social protection and labor programs (% of total welfare of beneficiary households)","per_allsp.adq_pop_tot","","","","","","","","24.1280015239236","","16.5051468906118","","","","19.534022768335","","21.464350564771","","","","","",
"Panama","PAN","Adequacy of social protection and labor programs (% of total welfare of beneficiary households)","per_allsp.adq_pop_tot","","","","","","","","","33.171168736911","23.0763392595911","23.9215446958727","22.9572312102378","21.1692039428586","20.5636821264163","19.7224915666537","17.5095546059889","18.9470421228085","18.4988405181612","17.4604435292707","","",
"Peru","PER","Adequacy of social protection and labor programs (% of total welfare of beneficiary households)","per_allsp.adq_pop_tot","","","","","","","","","22.2583050710566","22.4723631987989","22.0556749429881","20.6508179894454","19.5732517121667","18.2646661970717","17.8327602808274","18.7994710960574","18.8879331747639","19.4088338311872","","","",
"Philippines","PHL","Adequacy of social protection and labor programs (% of total welfare of beneficiary households)","per_allsp.adq_pop_tot","","","","","","","18.9723572291252","","","","","","","23.8755351140235","","7.74827183400104","","","","","",
"Palau","PLW","Adequacy of social protection and labor programs (% of total welfare of beneficiary households)","per_allsp.adq_pop_tot","","","","","","","27.9867800872062","","","","","","","","","","","","","","",
"Papua New Guinea","PNG","Adequacy of social protection and labor programs (% of total welfare of beneficiary households)","per_allsp.adq_pop_tot","","","","","","","","","","0.455201337413201","","","","","","","","","","","",
"Poland","POL","Adequacy of social protection and labor programs (% of total welfare of beneficiary households)","per_allsp.adq_pop_tot","","","","","","56.98559010646","57.0865920848183","54.9993185464546","54.6528806985701","56.5646981910361","58.5097934435663","59.2823784856079","60.5552662086475","","","66.8526432713743","","","","","",
"Pre-demographic dividend","PRE","Adequacy of social protection and labor programs (% of total welfare of beneficiary households)","per_allsp.adq_pop_tot","","","","","","","","","","","","","","","","","","","","","",
"Puerto Rico","PRI","Adequacy of social protection and labor programs (% of total welfare of beneficiary households)","per_allsp.adq_pop_tot","","","","","","","","","","","","","","","","","","","","","",
"Korea, Dem. People’s Rep.","PRK","Adequacy of social protection and labor programs (% of total welfare of beneficiary households)","per_allsp.adq_pop_tot","","","","","","","","","","","","","","","","","","","","","",
"Portugal","PRT","Adequacy of social protection and labor programs (% of total welfare of beneficiary households)","per_allsp.adq_pop_tot","","","","","","","","","","","","","","","","","","","","","",
"Paraguay","PRY","Adequacy of social protection and labor programs (% of total welfare of beneficiary households)","per_allsp.adq_pop_tot","","","","","","","","35.7189584276459","32.0475024939831","32.5724216681531","32.5379234472825","29.2294379640163","8.58101282028925","27.3374066139117","23.1717604290636","24.8561996068927","26.8285281101381","25.2053953815082","","","",
"West Bank and Gaza","PSE","Adequacy of social protection and labor programs (% of total welfare of beneficiary households)","per_allsp.adq_pop_tot","","","","","","","","","","20.6695276400199","","","","","","","","","","","",
"Pacific island small states","PSS","Adequacy of social protection and labor programs (% of total welfare of beneficiary households)","per_allsp.adq_pop_tot","","","","","","","","","","","","","","","","","","","","","",
"Post-demographic dividend","PST","Adequacy of social protection and labor programs (% of total welfare of beneficiary households)","per_allsp.adq_pop_tot","","","","","","","","","","","","","","","","","","","","","",
"French Polynesia","PYF","Adequacy of social protection and labor programs (% of total welfare of beneficiary households)","per_allsp.adq_pop_tot","","","","","","","","","","","","","","","","","","","","","",
"Qatar","QAT","Adequacy of social protection and labor programs (% of total welfare of beneficiary households)","per_allsp.adq_pop_tot","","","","","","","","","","","","","","","","","","","","","",
"Romania","ROU","Adequacy of social protection and labor programs (% of total welfare of beneficiary households)","per_allsp.adq_pop_tot","","","","","","","","","44.2789662535332","","","51.5878646737761","49.1846789470462","","","","","","","","",
"Russian Federation","RUS","Adequacy of social protection and labor programs (% of total welfare of beneficiary households)","per_allsp.adq_pop_tot","","","","","","","","","","","","","","","26.107458910364","25.4997315063947","25.5816345478339","26.6524877561067","","","",
"Rwanda","RWA","Adequacy of social protection and labor programs (% of total welfare of beneficiary households)","per_allsp.adq_pop_tot","","","","","","8.32015486920034","","","","","3.02967812862901","","","4.92533319658162","","","","","","","",
"South Asia","SAS","Adequacy of social protection and labor programs (% of total welfare of beneficiary households)","per_allsp.adq_pop_tot","","","","","","","","","","","","","","","","","","","","","",
"Saudi Arabia","SAU","Adequacy of social protection and labor programs (% of total welfare of beneficiary households)","per_allsp.adq_pop_tot","","","","","","","","","","","","","","","","","","","","","",
"Sudan","SDN","Adequacy of social protection and labor programs (% of total welfare of beneficiary households)","per_allsp.adq_pop_tot","","","","","","","","","","1.05138892356813","","","","","","","","","","","",
"Senegal","SEN","Adequacy of social protection and labor programs (% of total welfare of beneficiary households)","per_allsp.adq_pop_tot","","","","","","","","","","","","11.7938993049502","","","","","","","","","",
"Singapore","SGP","Adequacy of social protection and labor programs (% of total welfare of beneficiary households)","per_allsp.adq_pop_tot","","","","","","","","","","","","","","","","","","","","","",
"Solomon Islands","SLB","Adequacy of social protection and labor programs (% of total welfare of beneficiary households)","per_allsp.adq_pop_tot","","","","","","24.6438076890432","","","","","","","","","","","","","","","",
"Sierra Leone","SLE","Adequacy of social protection and labor programs (% of total welfare of beneficiary households)","per_allsp.adq_pop_tot","","","","","","","","","","","","","","","","","","","","","",
"El Salvador","SLV","Adequacy of social protection and labor programs (% of total welfare of beneficiary households)","per_allsp.adq_pop_tot","","","","","","","","28.6764806199146","28.3675122531187","27.3114550863808","26.5644349900656","24.054097283952","26.2693258081121","","25.8627439636169","32.2685178113335","32.051342264457","30.2543057093724","","","",
"San Marino","SMR","Adequacy of social protection and labor programs (% of total welfare of beneficiary households)","per_allsp.adq_pop_tot","","","","","","","","","","","","","","","","","","","","","",
"Somalia","SOM","Adequacy of social protection and labor programs (% of total welfare of beneficiary households)","per_allsp.adq_pop_tot","","","","","","","","","","","","","","","","","","","","","",
"Serbia","SRB","Adequacy of social protection and labor programs (% of total welfare of beneficiary households)","per_allsp.adq_pop_tot","","","","","","","","46.3210756153008","","","56.4519452881827","","","54.9572163800736","","54.8970120985698","","","","","",
"Sub-Saharan Africa (excluding high income)","SSA","Adequacy of social protection and labor programs (% of total welfare of beneficiary households)","per_allsp.adq_pop_tot","","","","","","","","","","","","","","","","","","","","","",
"South Sudan","SSD","Adequacy of social protection and labor programs (% of total welfare of beneficiary households)","per_allsp.adq_pop_tot","","","","","","","","","","1.52500206980741","","","","","","","","","","","",
"Sub-Saharan Africa","SSF","Adequacy of social protection and labor programs (% of total welfare of beneficiary households)","per_allsp.adq_pop_tot","","","","","","","","","","","","","","","","","","","","","",
"Small states","SST","Adequacy of social protection and labor programs (% of total welfare of beneficiary households)","per_allsp.adq_pop_tot","","","","","","","","","","","","","","","","","","","","","",
"Sao Tome and Principe","STP","Adequacy of social protection and labor programs (% of total welfare of beneficiary households)","per_allsp.adq_pop_tot","","","","","","","","","","","","","","","","","","","","","",
"Suriname","SUR","Adequacy of social protection and labor programs (% of total welfare of beneficiary households)","per_allsp.adq_pop_tot","","","","","","","","","","","","","","","","","","","","","",
"Slovak Republic","SVK","Adequacy of social protection and labor programs (% of total welfare of beneficiary households)","per_allsp.adq_pop_tot","","","","","","","","","","32.2974315081581","","","","","","","","","","","",
"Slovenia","SVN","Adequacy of social protection and labor programs (% of total welfare of beneficiary households)","per_allsp.adq_pop_tot","","","","","","","","","","","","","","","","","","","","","",
"Sweden","SWE","Adequacy of social protection and labor programs (% of total welfare of beneficiary households)","per_allsp.adq_pop_tot","","","","","","","","","","","","","","","","","","","","","",
"Eswatini","SWZ","Adequacy of social protection and labor programs (% of total welfare of beneficiary households)","per_allsp.adq_pop_tot","","","","","","","","","","15.6953582499305","","","","","","","13.5900511316042","","","","",
"Sint Maarten (Dutch part)","SXM","Adequacy of social protection and labor programs (% of total welfare of beneficiary households)","per_allsp.adq_pop_tot","","","","","","","","","","","","","","","","","","","","","",
"Seychelles","SYC","Adequacy of social protection and labor programs (% of total welfare of beneficiary households)","per_allsp.adq_pop_tot","","","","","","","","","","","","","","","","","","","","","",
"Syrian Arab Republic","SYR","Adequacy of social protection and labor programs (% of total welfare of beneficiary households)","per_allsp.adq_pop_tot","","","","67.6289916667829","","","","","","","","","","","","","","","","","",
"Turks and Caicos Islands","TCA","Adequacy of social protection and labor programs (% of total welfare of beneficiary households)","per_allsp.adq_pop_tot","","","","","","","","","","","","","","","","","","","","","",
"Chad","TCD","Adequacy of social protection and labor programs (% of total welfare of beneficiary households)","per_allsp.adq_pop_tot","","","","","","","","","","","","24.5160515874953","","","","","","","","","",
"East Asia & Pacific (IDA & IBRD countries)","TEA","Adequacy of social protection and labor programs (% of total welfare of beneficiary households)","per_allsp.adq_pop_tot","","","","","","","","","","","","","","","","","","","","","",
"Europe & Central Asia (IDA & IBRD countries)","TEC","Adequacy of social protection and labor programs (% of total welfare of beneficiary households)","per_allsp.adq_pop_tot","","","","","","","","","","","","","","","","","","","","","",
"Togo","TGO","Adequacy of social protection and labor programs (% of total welfare of beneficiary households)","per_allsp.adq_pop_tot","","","","","","","","","","","","28.5044892231124","","","","","","","","","",
"Thailand","THA","Adequacy of social protection and labor programs (% of total welfare of beneficiary households)","per_allsp.adq_pop_tot","","","","","","","0.67796359895651","","","10.4378105704725","","17.9867400897844","","16.7641439886962","","","","","","","",
"Tajikistan","TJK","Adequacy of social protection and labor programs (% of total welfare of beneficiary households)","per_allsp.adq_pop_tot","","","","","","","","","","","","7.59999584720879","","","","","","","","","",
"Turkmenistan","TKM","Adequacy of social protection and labor programs (% of total welfare of beneficiary households)","per_allsp.adq_pop_tot","","","","","","","","","","","","","","","","","","","","","",
"Latin America & the Caribbean (IDA & IBRD countries)","TLA","Adequacy of social protection and labor programs (% of total welfare of beneficiary households)","per_allsp.adq_pop_tot","","","","","","","","","","","","","","","","","","","","","",
"Timor-Leste","TLS","Adequacy of social protection and labor programs (% of total welfare of beneficiary households)","per_allsp.adq_pop_tot","","","","","","","","9.81442071294668","","","","20.6189998524895","","","","","","","","","",
"Middle East & North Africa (IDA & IBRD countries)","TMN","Adequacy of social protection and labor programs (% of total welfare of beneficiary households)","per_allsp.adq_pop_tot","","","","","","","","","","","","","","","","","","","","","",
"Tonga","TON","Adequacy of social protection and labor programs (% of total welfare of beneficiary households)","per_allsp.adq_pop_tot","","","","","","","","","","29.122125509291","","","","","","","","","","","",
"South Asia (IDA & IBRD)","TSA","Adequacy of social protection and labor programs (% of total welfare of beneficiary households)","per_allsp.adq_pop_tot","","","","","","","","","","","","","","","","","","","","","",
"Sub-Saharan Africa (IDA & IBRD countries)","TSS","Adequacy of social protection and labor programs (% of total welfare of beneficiary households)","per_allsp.adq_pop_tot","","","","","","","","","","","","","","","","","","","","","",
"Trinidad and Tobago","TTO","Adequacy of social protection and labor programs (% of total welfare of beneficiary households)","per_allsp.adq_pop_tot","","","","","","","","","","","","","","","","","","","","","",
"Tunisia","TUN","Adequacy of social protection and labor programs (% of total welfare of beneficiary households)","per_allsp.adq_pop_tot","","","","","","","","","","","3.80321121004531","","","","","","","","","","",
"Turkey","TUR","Adequacy of social protection and labor programs (% of total welfare of beneficiary households)","per_allsp.adq_pop_tot","","","","","29.586057124043","30.8204734696087","28.5267934351744","29.5324909857233","27.8961987863957","34.8059363521984","37.2982861868151","36.8162403583385","38.0949201552141","37.7002139223848","37.9347492694055","38.0210450655525","39.388437860167","","","","",
"Tuvalu","TUV","Adequacy of social protection and labor programs (% of total welfare of beneficiary households)","per_allsp.adq_pop_tot","","","","","","","","","","","","","","","","","","","","","",
"Tanzania","TZA","Adequacy of social protection and labor programs (% of total welfare of beneficiary households)","per_allsp.adq_pop_tot","","","","","","","","","22.0169891939346","","14.5676794664157","","17.6850046722643","","13.3493351518498","","","","","","",
"Uganda","UGA","Adequacy of social protection and labor programs (% of total welfare of beneficiary households)","per_allsp.adq_pop_tot","","","","","","23.1558368042772","","","","12.7771603538373","","","13.509509563971","","","","","","","","",
"Ukraine","UKR","Adequacy of social protection and labor programs (% of total welfare of beneficiary households)","per_allsp.adq_pop_tot","","","","","","","39.5289037047455","","","","","45.4614355622856","50.1630637870022","51.1628699777333","","38.6146370395107","30.4480188692213","","","","",
"Upper middle income","UMC","Adequacy of social protection and labor programs (% of total welfare of beneficiary households)","per_allsp.adq_pop_tot","","","","","","","","","","","","","","","","","","","","","",
"Uruguay","URY","Adequacy of social protection and labor programs (% of total welfare of beneficiary households)","per_allsp.adq_pop_tot","","","","","","","","","36.1657439196375","44.4539000623979","45.5321400318764","44.2629881893543","32.9199792432918","","","32.2786337235008","33.1955174033547","33.3347810270994","","","",
"United States","USA","Adequacy of social protection and labor programs (% of total welfare of beneficiary households)","per_allsp.adq_pop_tot","","","","","","","","","","","","","","","","","","","","","",
"Uzbekistan","UZB","Adequacy of social protection and labor programs (% of total welfare of beneficiary households)","per_allsp.adq_pop_tot","","","","","","","","","","","","","","","","","","","28.093229996752","","",
"St. Vincent and the Grenadines","VCT","Adequacy of social protection and labor programs (% of total welfare of beneficiary households)","per_allsp.adq_pop_tot","","","","","","","","","","","","","","","","","","","","","",
"Venezuela, RB","VEN","Adequacy of social protection and labor programs (% of total welfare of beneficiary households)","per_allsp.adq_pop_tot","","","","","","","","","","","","","","","","","","","","","",
"British Virgin Islands","VGB","Adequacy of social protection and labor programs (% of total welfare of beneficiary households)","per_allsp.adq_pop_tot","","","","","","","","","","","","","","","","","","","","","",
"Virgin Islands (U.S.)","VIR","Adequacy of social protection and labor programs (% of total welfare of beneficiary households)","per_allsp.adq_pop_tot","","","","","","","","","","","","","","","","","","","","","",
"Vietnam","VNM","Adequacy of social protection and labor programs (% of total welfare of beneficiary households)","per_allsp.adq_pop_tot","","","","","","","26.3287820455898","","","","16.7464200492624","","19.8804252505164","","22.5241930656147","","","","","","",
"Vanuatu","VUT","Adequacy of social protection and labor programs (% of total welfare of beneficiary households)","per_allsp.adq_pop_tot","","","","","","","","","","","","","","","","","","","","","",
"World","WLD","Adequacy of social protection and labor programs (% of total welfare of beneficiary households)","per_allsp.adq_pop_tot","","","","","","","","","","","","","","","","","","","","","",
"Samoa","WSM","Adequacy of social protection and labor programs (% of total welfare of beneficiary households)","per_allsp.adq_pop_tot","","","","","","","","","18.6510401573755","","","","","","","","","","","","",
"Kosovo","XKX","Adequacy of social protection and labor programs (% of total welfare of beneficiary households)","per_allsp.adq_pop_tot","","","","","","","21.9664967488338","","","","","18.8796214729602","15.0595144972434","17.8119020021334","","","","","","","",
"Yemen, Rep.","YEM","Adequacy of social protection and labor programs (% of total welfare of beneficiary households)","per_allsp.adq_pop_tot","","","","","","9.2124607215299","","","","","","","","","","","","","","","",
"South Africa","ZAF","Adequacy of social protection and labor programs (% of total welfare of beneficiary households)","per_allsp.adq_pop_tot","","","","","","36.6207611923693","","","","","23.867023705672","","","","34.2018984937126","","","","","","",
"Zambia","ZMB","Adequacy of social protection and labor programs (% of total welfare of beneficiary households)","per_allsp.adq_pop_tot","","","","","","","","","","","34.0218307903608","","","","","3.01674674813805","","","","","",
"Zimbabwe","ZWE","Adequacy of social protection and labor programs (% of total welfare of beneficiary households)","per_allsp.adq_pop_tot","","","","","","","","","","","","","","","","","","50.084064803311","","22.702796953956","",
